img_id,cattr_sat_mean,cattr_val_mean,cattr_edge_density,cattr_texture_entropy,cattr_lbp_energy,cattr_lbp_entropy,cattr_fg_area_ratio,cattr_fg_aspect_ratio,cattr_centroid_x,cattr_centroid_y,cattr_symmetry_lr,cattr_grad_anisotropy,cattr_upper_lower_mass_ratio,cattr_hu1,cattr_hu2,cattr_hu3,cattr_bbox_ratio,cattr_color_red_ratio,cattr_color_orange_ratio,cattr_color_yellow_ratio,cattr_color_green_ratio,cattr_color_cyan_ratio,cattr_color_blue_ratio,cattr_color_magenta_ratio,cattr_color_white_ratio,cattr_color_gray_ratio,cattr_color_black_ratio,cattr_color_green_present
180,0.23979702591896057,0.5610437393188477,0.19991629464285715,4.675535672554382,0.04254072904586792,5.112350504563881,0.5527144451530612,1.0,0.5106435340585167,0.5305660527460849,0.7637139558792114,0.08367617495907703,0.7782123657118544,0.3117892976565062,0.0010650563506965104,0.0007801627397057967,1.6527,0.029057716836734693,0.2557397959183674,0.14287707270408162,0.053431919642857144,0.00027901785714285713,0.0045639349489795915,0.001295440051020408,0.09183673469387756,0.3297791772959184,0.1015625,1.0
213,0.22151291370391846,0.5057666897773743,0.19999601403061223,4.922233910032896,0.0382065549492836,5.154657822886119,0.544304049744898,1.0,0.5135999506104162,0.5055752925979824,0.7624925374984741,0.06621420241122454,0.9074591439598163,0.22332104007418146,0.00029085897634993304,0.0003122332797788725,1.2902,0.00914779974489796,0.23377710459183673,0.009526466836734694,0.00914779974489796,0.00741390306122449,0.1240234375,0.0,0.12900589923469388,0.32190688775510207,0.18281648596938777,0.0
325,0.3939509987831116,0.3531293272972107,0.19999601403061223,4.449314552224678,0.03973282873630524,5.204718317074237,0.619140625,1.0,0.42830525145509674,0.4672561729562318,0.7853924036026001,0.03539171901672657,1.2700767213915347,0.30172997721308714,0.0002043345957266826,0.0001821508339427324,1.305,0.00643734056122449,0.19052933673469388,0.28806600765306123,0.0,1.992984693877551e-05,0.0002192283163265306,7.971938775510203e-05,0.05123963647959184,0.2916733099489796,0.21404655612244897,0.0
412,0.09707993268966675,0.5098041892051697,0.19997608418367346,4.65265708535793,0.03933792561292648,5.140872475225841,0.16206951530612246,1.0476190476190477,0.32548708639290275,0.305887276970348,0.7938201427459717,0.05167639387262139,3.522802762557977,0.7107672172189828,0.014552713422592553,0.12093126365786118,1.1827,0.0,0.05084103954081633,0.05291374362244898,0.0003587372448979592,0.0011559311224489796,0.00763313137755102,0.0,0.10835857780612244,0.7115951849489796,0.07025271045918367,0.0
503,0.2515209913253784,0.580564558506012,0.19999601403061223,4.800178437595671,0.04532453790307045,5.105015147926512,0.578483737244898,0.8727272727272727,0.6413866151855813,0.45001049005391486,0.6149169206619263,0.02381574701523679,1.2876733864934191,0.19249347510776815,0.000927824637810237,0.000589278230464754,1.566,0.023497289540816327,0.02090640943877551,0.009785554846938776,0.2331592793367347,0.008769132653061224,0.1923828125,0.0006776147959183673,0.3319116709183674,0.08677455357142858,0.1273517219387755,1.0
562,0.44672584533691406,0.596384584903717,0.19999601403061223,4.491764755659805,0.03716008737683296,5.311128589918134,0.9526267538265306,1.0,0.5012771623925562,0.5009610028991919,0.7636983394622803,0.03458615769522508,0.991956992916229,0.1684506279517064,2.0057908792968019e-07,2.4248889174747184e-07,1.1345,0.006118463010204082,0.435367506377551,0.08830915178571429,0.0001992984693877551,0.00011957908163265306,0.31845902423469385,0.0011160714285714285,0.0059590242346938774,0.06441326530612244,0.11268335459183673,0.0
646,0.16566212475299835,0.49825119972229004,0.19997608418367346,4.578746116010105,0.03907492384314537,5.226901547063808,0.29135443239795916,0.985981308411215,0.5308936677712554,0.5018148567025467,0.7760560512542725,0.06733569627471804,1.1159357317866614,0.35412575071245594,0.05772093650959443,0.0009729049395382835,1.5169,0.0005978954081632653,0.05606265943877551,0.022261639030612245,1.992984693877551e-05,0.00013950892857142856,0.03693000637755102,0.0014150191326530613,0.05785634566326531,0.6411033163265306,0.2012515943877551,0.0
699,0.2842790484428406,0.546125590801239,0.19989636479591838,3.8183376967244884,0.07734383642673492,4.861241807059503,0.7907963966836735,1.0,0.49088814417313287,0.5086452186871392,0.8477892875671387,0.0011541959498087462,0.9173230258875091,0.22261996015248287,0.000382413984538809,2.1619601947524287e-06,1.2816,0.00015943877551020407,0.0021324936224489796,0.0021324936224489796,0.7336973852040817,0.0,0.00466358418367347,0.0,0.036431760204081634,0.12486049107142858,0.09972895408163265,1.0
702,0.2536064684391022,0.4734152853488922,0.19993622448979592,4.327702619596483,0.042443472892045975,5.092589306767152,0.5496253188775511,1.0,0.5029426523449022,0.5158498666806289,0.8157081604003906,0.0310851784859546,0.8035445719237942,0.29606035309975753,0.0019096018491605504,0.001173588746185632,1.5948,0.11533402423469388,0.09327168367346939,0.05528539540816327,0.17940848214285715,0.01985012755102041,0.0768295599489796,0.0005381058673469387,0.07378029336734694,0.3621452487244898,0.03236607142857143,1.0
742,0.3926089107990265,0.44403892755508423,0.19997608418367346,4.232358164197342,0.039668891578912735,5.104513543028608,0.920539700255102,1.0,0.4934780057022487,0.4923001584346321,0.8563153743743896,0.2029574870425865,1.049656089973032,0.17166534433877978,2.177406898039726e-05,1.5808743468979647e-05,1.0,0.05624202806122449,0.5241350446428571,0.026167889030612245,0.0012755102040816326,0.016840720663265307,0.2536073022959184,0.004544005102040816,0.008848852040816327,0.07445790816326531,0.07954001913265306,0.0
773,0.5170933604240417,0.596879780292511,0.1999561543367347,4.234494788963858,0.04474963992834091,5.238235877269512,0.9303651147959183,1.0,0.4974298963524413,0.49736572781435234,0.8732608556747437,0.014148891405730637,1.02639232510217,0.17461271577461512,8.875632822574085e-07,5.463584331454422e-07,1.3,0.0074338329081632655,0.01572464923469388,0.38928970025510207,0.29061702806122447,0.08693399234693877,0.13406808035714285,0.003547512755102041,0.01602359693877551,0.036611128826530615,0.025948660714285716,1.0
775,0.2817472517490387,0.5502910017967224,0.19999601403061223,4.472238230372552,0.03906721621751785,5.364081542050334,0.4799107142857143,1.0564102564102564,0.48714598572769396,0.3936344472088554,0.7794555425643921,0.012896701172462197,1.9426860275570002,0.20152510063720255,0.005515663133193684,0.00010404351522426784,1.4965,5.978954081632653e-05,0.05725845025510204,0.05096061862244898,0.0008569834183673469,0.01594387755102041,0.3550302933673469,0.0,0.07916135204081633,0.4326769770408163,0.015027104591836735,0.0
791,0.24833698570728302,0.36013567447662354,0.1997967155612245,4.120629632053539,0.04890631511807442,4.9628927363845765,0.7305086096938775,1.0,0.5081452516454318,0.4878317931763301,0.8616963624954224,0.16261735191369678,1.2067429228255468,0.23417365285364827,0.000278097315690085,2.980755493878912e-05,1.676,0.0003587372448979592,0.021504304846938774,0.030911192602040817,0.4346500318877551,0.019112723214285716,0.13584183673469388,0.0001992984693877551,0.019909917091836735,0.2415497448979592,0.15497448979591838,1.0
839,0.5200498104095459,0.6332610845565796,0.19973692602040816,4.072991307816713,0.04321105033159256,5.044517352332651,0.953742825255102,1.0,0.4968836634208439,0.5006677964497575,0.8527410626411438,0.013272749567826746,0.9942907151788776,0.168875646373617,2.2623667741778112e-07,3.517910030274056e-08,1.5366,0.02879862882653061,0.8216278698979592,0.04081632653061224,0.013970822704081632,0.0003587372448979592,0.059091996173469385,0.012675382653061224,0.00936702806122449,0.013014190051020409,0.002570950255102041,1.0
853,0.42712414264678955,0.37355121970176697,0.19987643494897958,3.921084886459662,0.0394795797765255,5.231536038572884,0.8692602040816326,1.0,0.5064827898759331,0.47832253519504914,0.8819949626922607,0.03754117952685866,1.171462708203895,0.18714642171348772,2.966609460260194e-06,8.376734874602837e-07,1.297,0.04544005102040816,0.10493064413265306,0.07489636479591837,0.5635762117346939,0.004603794642857143,0.057318239795918366,0.0040058992346938774,0.00023915816326530612,0.09809470663265306,0.0963608099489796,1.0
892,0.21345524489879608,0.33122575283050537,0.19947783801020408,3.6759068106683914,0.04278748482465744,5.046659766500259,0.6280691964285714,1.0,0.5533938791813219,0.5264705472206673,0.880582869052887,0.07008375538897599,0.8469202390203746,0.24483443142428246,0.00023279737213088977,0.00030543768438040124,1.1872,0.009107940051020409,0.01118064413265306,0.057138871173469385,0.07808514030612244,0.015963807397959183,0.26624282525510207,0.06594786352040816,0.0,0.4028419961734694,0.11324139030612244,1.0
894,0.3581202030181885,0.23002739250659943,0.19997608418367346,4.092633468912487,0.06370754539966583,4.71771263392578,0.7958585778061225,1.0,0.49987641856162884,0.4300747473992031,0.8499407768249512,0.0741254427803384,1.484167955118628,0.18317193837919254,0.0005050470691780275,1.0366924122929661e-05,1.2727,0.0005580357142857143,0.037966358418367346,0.21456473214285715,0.07001355229591837,0.0014349489795918368,0.0023716517857142855,0.0,0.0023716517857142855,0.17053970025510204,0.5353156887755102,1.0
916,0.300950288772583,0.4134436547756195,0.1953722895408163,2.98170545878353,0.05383717641234398,4.751644589559662,0.6012635522959183,1.0,0.5899372250819636,0.4339703972554015,0.9367667436599731,0.11338764247968135,1.2422147855245749,0.2132578711832873,0.0001747031581474592,0.0003603568893299123,1.5847,0.3341039540816326,0.09859295280612244,0.05996890943877551,0.10218032525510204,0.0,1.992984693877551e-05,5.978954081632653e-05,0.0,0.3896484375,0.0176578443877551,1.0
927,0.19853273034095764,0.4388178586959839,0.19895966198979592,3.342425237295751,0.0687216967344284,4.840723950739401,0.2993861607142857,1.0,0.669504457737023,0.5174204888137159,0.8797346949577332,0.13881293718160792,0.6694821163503364,0.27467420308866924,0.0033648869488824736,0.01331676189038896,1.3863,0.03115035076530612,0.0872329400510204,0.15581154336734693,0.01189811862244898,0.0006975446428571429,0.0,0.0,3.985969387755102e-05,0.694694674744898,0.03366151147959184,1.0
935,0.4864962100982666,0.4819357991218567,0.19886001275510204,4.038567664702871,0.04968089237809181,5.076656352232137,0.7897201849489796,1.0,0.48530126890268915,0.5026614420506147,0.8443658351898193,0.011353191629394107,1.0132608473058184,0.2040033213444367,0.0002625138675575418,0.00014555065292620934,0.9015,0.19762436224489796,0.09610172193877552,0.044025031887755105,0.4262197066326531,0.009865274234693877,0.00705516581632653,0.01215720663265306,0.011499521683673469,0.1753826530612245,0.04434390943877551,1.0
937,0.267903596162796,0.5992564558982849,0.19999601403061223,4.482534092569398,0.04016369953751564,5.110405131218219,0.44435586734693877,1.0,0.5716650093885609,0.5226451767575595,0.7924257516860962,0.08720111365908931,0.8501369212179611,0.183278852893545,0.0026113251950835178,0.0005966463954862736,0.9776,0.38438695790816324,0.03884327168367347,0.002889827806122449,0.0002192283163265306,3.985969387755102e-05,5.978954081632653e-05,0.00015943877551020407,0.1279296875,0.42600047831632654,0.025849011479591837,0.0
947,0.36314553022384644,0.7428238391876221,0.19989636479591838,4.489985708512755,0.05553554743528366,4.82042659822608,0.6708585778061225,1.0,0.5841173195737026,0.48047367027856086,0.7852867841720581,0.02838716581724862,1.1003993494828288,0.23772471034655573,0.0006344749652554296,0.0007268888238492603,1.6534,0.2842394770408163,0.4082629145408163,0.0,0.0,0.0,0.0,7.971938775510203e-05,0.21613919005102042,0.0905014349489796,0.0023716517857142855,0.0
998,0.13613462448120117,0.5932092666625977,0.19989636479591838,4.2278340136474775,0.04256182536482811,5.099871545957001,0.10817920918367346,1.0,0.5036275945025132,0.5394326379411191,0.832073450088501,0.11438350058248702,0.9631103107612604,1.9587964550602106,0.6689990750096956,0.7394389072906056,1.2484,0.002152423469387755,0.0696548150510204,0.028439891581632654,0.011639030612244899,0.0,0.003926179846938775,0.0023716517857142855,0.04534040178571429,0.8132573341836735,0.029456313775510203,1.0
999,0.30447447299957275,0.3337060511112213,0.19973692602040816,3.844208476912983,0.04409325495362282,5.339609033753682,0.6818797831632653,1.0,0.4297211615311803,0.47575062367934245,0.8691140413284302,0.1255851805785798,1.1646210273756725,0.2280778782877291,0.0002670587981671805,0.00020636925273131686,1.4695,0.0007573341836734694,0.02431441326530612,0.0038863201530612247,0.4428810586734694,0.06405452806122448,0.15425701530612246,1.992984693877551e-05,0.040338010204081634,0.24170918367346939,0.1687061543367347,1.0
1014,0.2917834520339966,0.5212363004684448,0.1998565051020408,3.6921092506339117,0.06289368867874146,5.007322912877942,0.6455078125,1.0476190476190477,0.46032084468693146,0.49619860698429563,0.9057503938674927,0.07756185003904435,0.893539902175312,0.2831665183363007,0.000632059823762367,0.0003266827927480641,1.1164,0.00015943877551020407,0.003308354591836735,0.03555484693877551,0.6097138073979592,7.971938775510203e-05,0.009526466836734694,0.0,0.028778698979591837,0.2775031887755102,0.03966039540816327,1.0
1047,0.36866775155067444,0.5859647393226624,0.19987643494897958,4.4748418238540495,0.04071687161922455,5.107022268241755,0.7397161989795918,1.0,0.482898120400132,0.5020243164443362,0.8522765636444092,0.06885998858611823,1.0734037194338013,0.2525959517081867,3.471893250510527e-05,2.5099006934490574e-05,0.9718,0.001096141581632653,0.023776307397959183,0.5069953762755102,0.15864158163265307,0.0,0.0003985969387755102,0.0003786670918367347,0.059650031887755105,0.16848692602040816,0.08629623724489796,1.0
1062,0.3413774073123932,0.4550281763076782,0.1994579081632653,4.064082584356795,0.03924084082245827,5.403781388468051,0.6582629145408163,1.0,0.5498671027919886,0.4205737395877274,0.8387492299079895,0.018847737281880137,1.6404188855489417,0.1937875987723388,0.00029665706286749894,0.00047869569707988205,1.3512,0.2124920280612245,0.055385044642857144,0.0036073022959183672,0.0,0.0015345982142857143,0.3514030612244898,0.003985969387755102,0.025550063775510203,0.28848453443877553,0.07553411989795919,0.0
1083,0.8289952874183655,0.36492833495140076,0.19931839923469388,3.666813498063301,0.07314205169677734,4.690915404908429,0.9620137117346939,1.0,0.49935071872436526,0.5006985185164541,0.8821234703063965,0.027065316293435376,0.9966907963114877,0.16677614504008745,5.670729352261788e-07,9.938888858226018e-08,1.5039,0.0,0.10670440051020408,0.24314413265306123,0.6210738201530612,3.985969387755102e-05,0.0,0.0,0.0009367028061224489,0.00701530612244898,0.05879304846938776,1.0
1146,0.5468925833702087,0.5499180555343628,0.19983657525510204,3.7587507381775014,0.058844905346632004,5.034428824453193,0.8430325255102041,1.0,0.46837123260079083,0.49241325573259553,0.8576216697692871,0.06109170867105797,1.0100741302733607,0.18893171559608143,4.759896293978541e-05,0.0001176386724624995,1.4607,0.0036073022959183672,0.0447624362244898,0.4438376913265306,0.31845902423469385,0.00033880739795918367,0.026486766581632654,0.003308354591836735,0.002969547193877551,0.1227279974489796,0.04420440051020408,1.0
1148,0.38002678751945496,0.5836789608001709,0.19987643494897958,4.481492687293691,0.04525837302207947,4.9922323307844305,0.7933075573979592,1.0,0.5124481849013943,0.4969141605686466,0.8122810125350952,0.09287547231261169,1.0648959891953569,0.21057389039920055,8.25154450254446e-05,4.187933129023742e-05,1.3663,0.007912149234693877,0.34731744260204084,0.3540736607142857,0.0946468431122449,0.0,0.0005181760204081633,0.0009367028061224489,0.08693399234693877,0.0924545599489796,0.023238201530612245,1.0
1152,0.3976384699344635,0.44003742933273315,0.19999601403061223,4.607262357919554,0.041606150567531586,4.990488453080724,0.7618981186224489,1.0,0.5135373129618805,0.491381240757404,0.7753887176513672,0.08939539136553269,1.0843465448361125,0.20231814509048826,0.00039412132122671774,2.9843330157861207e-06,1.1043,0.021205357142857144,0.11094945790816327,0.028380102040816327,0.07286352040816327,0.040517378826530615,0.3608498086734694,0.02295918367346939,0.01775749362244898,0.24892378826530612,0.11082987882653061,1.0
1165,0.2563112676143646,0.4867088496685028,0.19997608418367346,4.229747318365798,0.042204469442367554,5.195840960719671,0.5450414540816326,1.0,0.5916027667971228,0.5049426065374961,0.8054016828536987,0.03911598299764527,0.8876311449607329,0.25127127371500213,0.0013587077895296617,0.0006126494442494828,1.4324,0.007752710459183673,0.03360172193877551,0.1610530931122449,0.03443877551020408,0.0,0.2575733418367347,0.04061702806122449,0.032904177295918366,0.40561224489795916,0.04488201530612245,1.0
1166,0.4473682641983032,0.5671147704124451,0.1997967155612245,4.139916221898506,0.054249003529548645,4.918791321013831,0.5982342155612245,1.0,0.505461404456757,0.537230546935212,0.7095667719841003,0.0035962893282198965,0.9354568325612606,0.23271361009822855,0.0020347036343772136,0.0006120347899679337,1.5699,0.0034080038265306123,0.5346978635204082,0.02955596301020408,0.0,0.0,0.0,0.0,0.34861288265306123,0.045619419642857144,0.06692442602040816,0.0
1171,0.13090002536773682,0.46251627802848816,0.19987643494897958,4.617492574880419,0.0527547225356102,4.796332543025306,0.2224968112244898,1.0891089108910892,0.5288294534160892,0.7463166359518825,0.7901105880737305,0.2218804273932112,0.044633689499607,0.44888841383344996,0.04993776136045061,0.0077264412516873104,0.7043,3.985969387755102e-05,0.05351163903061224,0.019232302295918366,0.022082270408163265,0.041314572704081634,0.029017857142857144,0.0,0.17045998086734693,0.5913783482142857,0.10034677933673469,1.0
1174,0.2621031403541565,0.44374895095825195,0.19997608418367346,4.609055321614655,0.0444299690425396,5.0158682975211875,0.5721261160714286,1.0,0.5329665222822639,0.48669915510990036,0.793875515460968,0.09330590042946733,1.180223282052524,0.27273458322601885,0.0002983447955538736,4.942115691968683e-05,1.5269,0.08759167729591837,0.24021444515306123,0.021205357142857144,0.004384566326530612,7.971938775510203e-05,0.1298030931122449,0.016302614795918366,0.052455357142857144,0.3660514987244898,0.12228954081632654,0.0
1405,0.20894837379455566,0.384137362241745,0.19981664540816327,4.342453659951079,0.04552850499749184,5.175155649349252,0.6817402742346939,1.0,0.5682783832171345,0.5707789859181001,0.824599027633667,0.022304881774056682,0.7111200076271428,0.21334756818493683,0.0037313130914660257,0.0013543760249671306,1.63,0.028121014030612245,0.33238998724489793,0.005002391581632653,1.992984693877551e-05,5.978954081632653e-05,0.04498166454081633,0.0022520727040816328,0.004245057397959184,0.2868702168367347,0.3220065369897959,0.0
1419,0.22189994156360626,0.4572050869464874,0.19997608418367346,4.4872615911416,0.06212763488292694,4.9722650148575225,0.38321109693877553,1.0,0.5876354177064278,0.45434278859025656,0.776603102684021,0.011624595652099804,1.4997399733002126,0.36372571093744765,0.0009519856299866963,0.009350619400741859,1.5273,0.05365114795918367,0.004245057397959184,0.08161272321428571,0.01313376913265306,0.0,0.05727838010204082,0.05701929209183673,0.03575414540816327,0.5495455994897959,0.17823262117346939,1.0
1422,0.20942652225494385,0.5957092642784119,0.19999601403061223,4.725683684390253,0.036111295223236084,5.263884169522376,0.43722098214285715,1.0,0.5303186272606003,0.49604204592886514,0.7449670433998108,0.005517717971059089,1.0999329927183699,0.267242874962598,0.0034657748564298732,0.0011728041962732623,1.4509,0.016980229591836735,0.06744260204081633,0.06259964923469388,0.040357940051020405,3.985969387755102e-05,0.1035953443877551,0.017916932397959183,0.2826650191326531,0.26552535076530615,0.1643016581632653,1.0
1426,0.2947262227535248,0.39808371663093567,0.19987643494897958,4.516544262628442,0.04494938626885414,4.914308131658349,0.9204998405612245,1.0,0.49607731331229904,0.5005862791550939,0.7474685311317444,0.04465455366826089,0.9971893107630003,0.17344884794722976,7.0643954921880005e-06,6.831554991803254e-07,1.2673,0.003866390306122449,0.2916932397959184,0.277523118622449,0.036053093112244895,0.0,0.0,1.992984693877551e-05,0.024832589285714284,0.09691884566326531,0.2817482461734694,1.0
1444,0.14676246047019958,0.39349621534347534,0.19917889030612246,4.494944351736246,0.0386689193546772,5.234078230477032,0.4226921237244898,1.0,0.6402999234397277,0.45418128821274156,0.7726035714149475,0.07636320662788619,1.729952351251069,0.28926930930097694,0.0027970364237822486,0.004516767260231611,0.9644,0.0016741071428571428,0.0914779974489796,0.014807876275510204,0.004065688775510204,0.028778698979591837,0.03186782525510204,0.0003985969387755102,0.11736686862244898,0.44029017857142855,0.2880261479591837,0.0
1454,0.35505273938179016,0.34574055671691895,0.19997608418367346,4.479477163609854,0.04081307351589203,5.229421803091663,0.8056441326530612,1.0,0.4928518910313014,0.49336750179043837,0.7839282751083374,0.04403186732016989,1.0271801811935728,0.19498516279787187,0.0004691253936994363,1.4621367916268873e-05,1.5569,0.003567442602040816,0.43026546556122447,0.13538345025510204,3.985969387755102e-05,0.0,0.0002192283163265306,0.0001992984693877551,0.016641422193877552,0.15790417729591838,0.3614875637755102,0.0
1506,0.17051205039024353,0.8247741460800171,0.1993781887755102,3.4335147679058013,0.043009333312511444,5.2460414730846425,0.281429368622449,1.0,0.5183041635982157,0.28154169139687324,0.7881813645362854,0.04891641476558258,4.3814783352342666,0.5056510993251272,0.058483227745220745,0.015250125270448394,1.5101,0.0,0.0,0.0,0.0,0.2326610331632653,0.07672991071428571,0.000896843112244898,0.4381576849489796,0.25155452806122447,0.0,0.0
1521,0.39959225058555603,0.41743940114974976,0.19993622448979592,4.047725284574402,0.05385706573724747,4.921894629401008,0.9624521683673469,1.0,0.49951732342747535,0.49902647533929434,0.7888428568840027,0.13773977860134431,1.0044828158258075,0.16686298432593016,2.9713356560380074e-07,7.299147537047138e-08,1.6571,0.000817123724489796,0.02939652423469388,0.5747767857142857,0.11186623086734694,3.985969387755102e-05,0.018395248724489797,0.00031887755102040814,0.002032844387755102,0.013671875,0.26247608418367346,1.0
1582,0.30903297662734985,0.5996859669685364,0.1999561543367347,4.826492519154913,0.035246387124061584,5.320056540343911,0.8267099808673469,1.0,0.46900223269327584,0.52105102308983,0.7333681583404541,0.06790708735306963,0.8179865909481319,0.20021076760622342,0.00024595418309948826,0.00011604297891119178,1.2615,0.006796077806122449,0.26157924107142855,0.4444953762755102,0.007792570153061225,0.0,0.00253109056122449,0.00023915816326530612,0.012595663265306123,0.1397281568877551,0.14261798469387754,0.0
1621,0.1633034497499466,0.48066288232803345,0.1999561543367347,4.684681747738237,0.03764142841100693,5.351282435190688,0.4483617665816326,1.0,0.4934244346680205,0.5987632431708383,0.758395254611969,0.07010287611283256,0.5093592836693688,0.2517258613824316,0.0019057909062010132,0.005785585111860276,1.6517,0.026805644132653062,0.14475047831632654,0.002311862244897959,0.0007174744897959184,3.985969387755102e-05,0.013592155612244899,0.0004982461734693878,0.1312579719387755,0.41735092474489793,0.27566964285714285,0.0
1624,0.21956190466880798,0.5742404460906982,0.19951769770408162,2.77160140493085,0.08398192375898361,4.819227707579627,0.3365951849489796,0.9863636363636363,0.4897413791501195,0.4338486031319773,0.710349440574646,0.01880435968879962,1.9169256942939001,0.2476139105569175,0.0034853790322707085,0.01179765269293193,1.6938,0.0,0.00023915816326530612,0.0,0.0,0.0005580357142857143,0.14237882653061223,1.992984693877551e-05,0.5183155293367347,0.1348453443877551,0.28501674107142855,0.0
1627,0.2900797128677368,0.30705156922340393,0.19997608418367346,4.307440054276713,0.04231715947389603,5.04514166349038,0.6646205357142857,1.0,0.4395318077982907,0.5115864714592844,0.820389986038208,0.053284132138051284,0.7685617340932983,0.2406038174810562,0.0003804632678756164,0.0016274078917607009,1.3481,1.992984693877551e-05,0.01793686224489796,0.10168207908163265,0.2530094068877551,3.985969387755102e-05,0.00936702806122449,1.992984693877551e-05,0.015385841836734694,0.3013392857142857,0.38960857780612246,1.0
1659,0.3568544089794159,0.6530973315238953,0.19870057397959184,3.9010544098192765,0.0664038136601448,4.75829781739043,0.6934191645408163,1.0,0.4741139750418845,0.5279755128312368,0.896553635597229,0.08998356861324137,0.8433377504266715,0.2724801627475527,0.0010556890266267753,0.000493966994983484,1.52,0.0,0.0,0.0,0.0,0.02311862244897959,0.6948341836734694,0.0,0.009526466836734694,0.2725207270408163,0.0,0.0
1685,0.0920690968632698,0.5162292122840881,0.19983657525510204,4.130571431827872,0.04544449225068092,5.178624720286306,0.3427136479591837,1.0,0.5654414886348582,0.41454655739107127,0.7300154566764832,0.0686377354930858,2.4543992838731032,0.271381785629743,0.0012608734853263065,0.009427829128253767,1.5,0.0038863201530612247,0.012635522959183673,3.985969387755102e-05,0.0,0.0,0.019092793367346938,0.0,0.40043048469387754,0.23188376913265307,0.33492107780612246,0.0
1941,0.37890806794166565,0.4118465185165405,0.19997608418367346,4.668170026763202,0.03853394091129303,5.172692596281095,0.7881656568877551,1.0,0.531295849259682,0.544041993060196,0.7578381299972534,0.046785031124008704,0.7852564126884648,0.19641910464414633,0.0004022327730505801,7.588568867749692e-05,1.1004,0.05494658801020408,0.20308514030612246,0.15027104591836735,0.24312420280612246,0.0087890625,0.005400988520408163,0.0,0.018933354591836735,0.19405691964285715,0.181640625,1.0
1960,0.24838827550411224,0.467308908700943,0.19989636479591838,3.8078748152224984,0.05252065509557724,5.166582662204448,0.4038584183673469,0.9954545454545455,0.590056323790539,0.49778794353989225,0.8517202138900757,0.07522877586945068,1.0077281282137291,0.27413736040177883,0.015532983198100784,0.002832561385610261,1.3144,0.10210060586734694,0.2125518176020408,0.08553890306122448,3.985969387755102e-05,0.0,5.978954081632653e-05,0.0,0.04185267857142857,0.5488081951530612,0.01913265306122449,0.0
1964,0.31113672256469727,0.4976595640182495,0.1999561543367347,4.01786123315129,0.04239220544695854,5.119181333980245,0.7914540816326531,1.0,0.5154216863660508,0.44389661617457354,0.8437998294830322,0.006896406830067428,1.4454707733382777,0.20076882545142283,0.0003603014200154051,0.00015785390258392362,1.678,0.2323620854591837,0.4034797512755102,0.17711654974489796,0.0,0.0,0.0,0.0007374043367346938,0.0020926339285714285,0.18249760841836735,0.0025111607142857145,0.0
1976,0.11044855415821075,0.6666648387908936,0.19991629464285715,4.151076353718979,0.045239709317684174,5.0330628697141755,0.16306600765306123,0.7718446601941747,0.7116902135607749,0.40105974725225335,0.837867021560669,0.009067282693227874,2.235270735506239,0.2748485985787028,0.019950698194128702,0.002314088000204097,1.2281,0.1551139987244898,0.009526466836734694,0.0,0.0,0.0,0.0,0.0016541772959183674,0.11748644770408163,0.7130500637755102,0.005381058673469388,0.0
1979,0.10602280497550964,0.5185623168945312,0.19975685586734693,4.169865705487473,0.05376574397087097,4.921975837479357,0.16874601403061223,0.8545454545454545,0.6279689917225462,0.48466189760192696,0.8337075710296631,0.05408495725784432,1.231093528859883,0.7089909834360538,0.052508857109293414,0.18813670791373244,1.5195,0.09183673469387756,0.06269929846938775,3.985969387755102e-05,0.0,0.004065688775510204,0.009626116071428572,0.0024713010204081634,0.055963010204081634,0.7630341198979592,0.01891342474489796,0.0
2131,0.5359164476394653,0.5958463549613953,0.19997608418367346,4.373952697319633,0.04554538428783417,5.081098022957043,0.9646045918367347,1.0,0.5,0.5,0.8179459571838379,0.042164628982347706,1.0,0.16666322314049586,0.0,0.0,1.4203,0.00023915816326530612,0.24786750637755103,0.7470304528061225,0.0,0.0,0.0,0.0,0.001136001275510204,0.0015943877551020409,0.007672991071428571,0.0
2357,0.4055456817150116,0.503663957118988,0.1995575573979592,4.1829799631055185,0.0398765504360199,5.209457209083508,0.6357820471938775,1.0,0.5697499115466951,0.4907923518429986,0.854943037033081,0.007597305187652317,1.0581290313171994,0.21219688919313678,0.0008963943578722308,0.00022588358424273456,1.2016,0.22879464285714285,0.18598533163265307,0.003946109693877551,1.992984693877551e-05,0.0005779655612244898,0.15431680484693877,0.0016143176020408164,0.0015345982142857143,0.3550502232142857,0.08081552933673469,0.0
2594,0.2490730732679367,0.47422751784324646,0.19997608418367346,3.82612303232306,0.042070407420396805,5.288515417371004,0.5639947385204082,1.0138248847926268,0.5310395382302089,0.6151498484235527,0.8378587365150452,0.1308278474845366,0.5159907923837912,0.2094547027350856,0.001298619517778442,0.00235949265416627,1.1792,0.015465561224489796,0.39413265306122447,0.0002192283163265306,1.992984693877551e-05,9.964923469387755e-05,0.025729432397959183,0.00015943877551020407,0.0042251275510204085,0.41932397959183676,0.18720105229591838,0.0
2668,0.29227393865585327,0.5437225699424744,0.19999601403061223,4.133914116435567,0.046069901436567307,5.248704046952882,0.5948860012755102,1.0,0.47733457205452795,0.520143166043375,0.7954963445663452,0.05839988205675287,0.9556443694639285,0.29118320620134014,0.0021753668649538813,0.0004400672482409926,1.3489,0.00047831632653061223,0.05638153698979592,0.2136280293367347,0.34373007015306123,0.0005978954081632653,0.0022122130102040817,1.992984693877551e-05,0.030970982142857144,0.33450255102040816,0.021464445153061226,1.0
2689,0.5175552368164062,0.6219525337219238,0.19907924107142858,4.464468729957622,0.050922706723213196,4.8526783600406045,0.945930325255102,1.0,0.4965621084689145,0.5003926117006506,0.7938022017478943,0.07595842521829449,0.998021469185282,0.16891463929925568,1.5516215305160693e-06,4.549945450963163e-06,1.3562,0.0001992984693877551,0.026407047193877552,0.5219029017857143,0.36007254464285715,0.0,0.0,0.0,0.00763313137755102,0.017438616071428572,0.07694913903061225,1.0
2718,0.4658246338367462,0.6108675003051758,0.19999601403061223,3.4971910160738666,0.12792937457561493,4.470299265135196,0.8976004464285714,1.0,0.49105608278569746,0.5013257364931696,0.857085645198822,0.0683936354991299,1.009369144179953,0.18504720520887175,1.5731527048953823e-05,2.258703262535753e-06,1.2984,0.033522002551020405,0.8391462053571429,0.007752710459183673,0.0,0.0,0.0001793686224489796,0.003009406887755102,0.03394052933673469,0.04374601403061224,0.04942602040816327,0.0
2723,0.2471727877855301,0.5241823196411133,0.19993622448979592,3.957750348899863,0.07281170040369034,4.499325422433835,0.6710977359693877,1.0,0.4800972263043178,0.48677620784120135,0.8637439012527466,0.07270572956811379,1.0678580190970144,0.26466065365519975,0.0005692397514263844,0.0003220090449448191,1.6519,0.03846460459183673,0.13406808035714285,0.4809470663265306,0.0029097576530612247,0.0,0.01943160076530612,0.004683514030612245,0.025390625,0.2816685267857143,0.019511320153061226,0.0
2765,0.13157139718532562,0.7468065619468689,0.19999601403061223,3.2476318512159743,0.1555023044347763,4.213345627528679,0.2621572066326531,0.9770642201834863,0.5665282125302812,0.4725364447786859,0.7015321850776672,0.16796592844720468,1.4711628558697472,0.40331267411220567,0.048220242079990136,0.0066350931419391496,1.5353,0.030711894132653062,0.16005660076530612,0.023816167091836735,0.005978954081632653,0.0009964923469387755,0.0,0.00448421556122449,0.5682995854591837,0.16111288265306123,0.07017299107142858,0.0
3022,0.07908570021390915,0.6125280261039734,0.19983657525510204,3.4532106623741425,0.04937956482172012,4.868239995843744,0.15479512117346939,0.9433962264150944,0.341252314465997,0.45746549879592924,0.8670027256011963,0.09767611849810338,1.3289355074892533,0.5743008618199652,0.1344301399758584,0.1184899168575426,1.4286,0.00430484693877551,0.10656489158163265,0.001096141581632653,0.0,0.0,0.002032844387755102,0.0001793686224489796,0.05293367346938776,0.7951809630102041,0.04591836734693878,0.0
3080,0.23356960713863373,0.5985668897628784,0.19999601403061223,4.836700686260593,0.03635981306433678,5.162697007958924,0.42360889668367346,1.0,0.5938749310370653,0.5596648849703526,0.7389624118804932,0.10246355144882481,0.7023065893549033,0.2725440488445716,0.013570123543347393,0.005487682439545788,1.3034,0.020049426020408163,0.09520487882653061,0.0013552295918367347,0.0,1.992984693877551e-05,0.28431919642857145,0.0052614795918367345,0.15497448979591838,0.415836256377551,0.03868383290816327,0.0
3134,0.6675930619239807,0.5403762459754944,0.1999561543367347,4.1200714036401225,0.03666236996650696,5.217205183464503,0.9628109056122449,1.0,0.49923030725518025,0.5006358412086367,0.8545721173286438,0.004800488555722942,0.9962809917740919,0.1667324144233195,3.043923033906691e-07,9.063042975125677e-08,0.8101,0.0,0.16454081632653061,0.8205516581632653,0.009088010204081632,0.0,0.0,0.0,0.001953125,0.0012755102040816326,0.007872289540816327,0.0
3135,0.44824475049972534,0.4646703004837036,0.19997608418367346,4.740901128446454,0.046595677733421326,4.972313242906763,0.7178132971938775,1.0,0.46172292082799465,0.5138705675981858,0.7175799608230591,0.01620944358432747,0.9687875810555687,0.21425338937034386,0.001325081631370815,0.0008659189633301134,1.5668,0.0005181760204081633,0.4578483737244898,0.15296157525510204,3.985969387755102e-05,0.0,0.0,0.0,0.17103794642857142,0.0946468431122449,0.1571468431122449,0.0
3164,0.3112061023712158,0.4562086760997772,0.19991629464285715,4.503106028160421,0.03608761727809906,5.2279832979248635,0.6774154974489796,1.0,0.5419888730132972,0.4988482500128632,0.7637911438941956,0.09519252699023358,0.9345475251235468,0.20486885249188358,0.00021736272821893337,0.00022386953945259235,1.1667,0.00015943877551020407,0.4699856505102041,0.03886320153061224,0.004384566326530612,0.00029894770408163266,0.0003985969387755102,0.0,0.011937978316326531,0.2987484056122449,0.19895966198979592,0.0
3170,0.3880052864551544,0.543145477771759,0.19991629464285715,4.709337846388385,0.04496787488460541,5.046581497322946,0.7947823660714286,1.0,0.4966253859629415,0.48190585939507363,0.7461969256401062,0.07718146997185879,1.0974596315967668,0.1986181011554829,0.00025341651734636124,1.2268299790755766e-05,1.553,0.04878826530612245,0.4398915816326531,0.12601642219387754,0.12842793367346939,0.0,0.00011957908163265306,0.0004384566326530612,0.07013313137755102,0.12099410076530612,0.08089524872448979,1.0
3184,0.7002971172332764,0.36001676321029663,0.19987643494897958,4.232378928110272,0.03979102149605751,5.15699135007884,0.9409279336734694,1.0,0.5039590527451978,0.4984103760197776,0.7996340394020081,0.05717160684208128,0.9966167639705992,0.1732869197106274,9.34337269753818e-07,4.1667012263057474e-07,1.6885,0.0047831632653061226,0.692741549744898,0.13817362882653061,9.964923469387755e-05,0.0,1.992984693877551e-05,1.992984693877551e-05,0.007672991071428571,0.024473852040816327,0.2514150191326531,0.0
3187,0.43925145268440247,0.7301875352859497,0.19999601403061223,4.589093276486361,0.036840494722127914,5.234663212629577,0.7187300701530612,1.0,0.5552813717001724,0.6034975663540474,0.7904551029205322,0.02997814169961945,0.5178030353945107,0.18845314022840123,0.0030763702342701707,0.0008947491792769113,1.329,0.013173628826530613,0.357242506377551,0.31423389668367346,0.017717633928571428,7.971938775510203e-05,0.0,0.0,0.23068797831632654,0.04518096301020408,0.0311702806122449,1.0
3281,0.41112133860588074,0.4580835700035095,0.19999601403061223,4.656154038198258,0.04100529104471207,5.329830295705283,0.7101602359693877,1.0,0.48036302822533505,0.4602052387826622,0.7936972975730896,0.06244745089733144,1.256395639290493,0.23938656729877772,0.000637428859672321,8.643648935883387e-06,1.6239,0.018255739795918366,0.022401147959183673,0.051080197704081634,0.5698341836734694,0.00023915816326530612,0.00015943877551020407,3.985969387755102e-05,0.0441047512755102,0.1956513073979592,0.13219467474489796,1.0
3284,0.3350377678871155,0.3407423496246338,0.19989636479591838,4.005421916761065,0.05668536573648453,4.764529012042907,0.7057955994897959,1.0,0.48250457560170396,0.5123739414449607,0.8459979295730591,0.06818291258945265,0.8864326441427464,0.2652884668284845,0.00012451888093158723,8.205622650810333e-05,1.6903,0.026247608418367346,0.01865433673469388,0.061423788265306124,0.46420599489795916,0.00031887755102040814,0.017199457908163265,0.010722257653061224,0.08298788265306123,0.16515864158163265,0.23955676020408162,1.0
3292,0.2787245213985443,0.3808513879776001,0.1999561543367347,4.64707636168985,0.041801609098911285,4.981917105416237,0.5661471619897959,1.0,0.4592075375850802,0.479220131588232,0.7935292720794678,0.024707925202848213,1.2374763658177326,0.2973259512632578,0.00023582686339702742,0.0001686052159605913,1.3233,0.04545998086734694,0.1942761479591837,0.05781648596938776,0.06032764668367347,0.004862882653061225,0.007912149234693877,0.0030891262755102043,0.04549984056122449,0.37779017857142855,0.23547114158163265,1.0
3360,0.18317648768424988,0.4602881073951721,0.19993622448979592,4.845926615285336,0.04212388023734093,5.233901028315472,0.2663424744897959,1.0689655172413792,0.4697178552110415,0.6435061466250941,0.7153628468513489,0.05928143004366341,0.3143194504350449,0.34247890333424746,2.189210026998222e-05,0.014532262868769293,1.6212,0.01642219387755102,0.010981345663265306,3.985969387755102e-05,0.0,0.0,0.029017857142857144,0.010582748724489796,0.13341039540816327,0.5825693558673469,0.2412109375,0.0
3376,0.18314124643802643,0.5219177603721619,0.19842155612244897,3.8366687094189187,0.05154671519994736,4.814326189542181,0.41539779974489793,1.0,0.4379035750730047,0.3162677450398441,0.8171457648277283,0.08666046855951309,4.0565257722413435,0.3212666304919085,0.003525760366769594,0.004310157563734138,1.4851,0.001833545918367347,0.3303172831632653,0.0010363520408163266,0.0,0.0004982461734693878,0.09093989158163265,0.0,0.11403858418367346,0.4526466836734694,0.01020408163265306,0.0
3381,0.14816811680793762,0.5434713363647461,0.19949776785714285,4.182644037543056,0.03980863839387894,5.121767447208983,0.23644770408163265,1.0,0.513550054579706,0.5538744031762063,0.8106881380081177,0.18710179388352272,0.9896025494899401,0.4440263855597565,0.02267476909725394,0.016761534878095594,1.0901,0.02423469387755102,0.08767139668367346,0.0015744579081632653,0.0,0.0,0.05855389030612245,0.0014150191326530613,0.04884805484693878,0.7076690051020408,0.08454241071428571,0.0
3462,0.09717973321676254,0.5866782069206238,0.19975685586734693,4.080530013525668,0.03968725726008415,5.221103812710166,0.0673030931122449,1.4473684210526316,0.5052445254165941,0.8365984083838044,0.8916833996772766,0.1627341735835633,0.049409645271630886,1.1871125532427271,0.6070936439847677,0.32143690995483365,1.377,0.006796077806122449,0.0030691964285714285,0.0001992984693877551,1.992984693877551e-05,0.005121970663265306,0.016262755102040817,0.004763233418367347,0.03864397321428571,0.8780691964285714,0.05201690051020408,0.0
3585,0.09421667456626892,0.4909934103488922,0.19917889030612246,3.844203533208405,0.041738249361515045,5.069564936478553,0.13881138392857142,1.0346534653465347,0.4610741085311245,0.5326233988649204,0.8893054127693176,0.14445895174994453,0.7121435772412535,0.486080460709026,0.0033136556374480843,0.09647559323371938,1.3102,0.021683673469387755,0.10495057397959184,0.00023915816326530612,0.0,0.0,1.992984693877551e-05,0.0,0.012595663265306123,0.8427136479591837,0.02574936224489796,0.0
3620,0.276012122631073,0.6092824339866638,0.1999561543367347,4.786762859544796,0.045756250619888306,4.9235253898598454,0.5940489477040817,1.0,0.5034071961607718,0.5132300309870932,0.7721763849258423,0.25439133647637224,0.9526367515153942,0.235291947274028,0.0005410141947555302,0.00022842487072870593,1.2868,0.0,0.0008769132653061224,0.00011957908163265306,0.0,0.005341198979591837,0.55859375,9.964923469387755e-05,0.1991390306122449,0.20236766581632654,0.06407445790816327,0.0
3640,0.0800224021077156,0.5587535500526428,0.19802295918367346,4.371700329411615,0.04740539938211441,5.035405200632631,0.09259406887755102,1.1458333333333333,0.616397923668366,0.8367610693609818,0.8386052846908569,0.040361245178985025,0.09549639870829134,1.2406971452235556,0.7811801213509062,0.8862467907942717,1.4337,0.0,0.04049744897959184,0.0007573341836734694,0.003786670918367347,0.003268494897959184,0.03354193239795918,0.0,0.16376355229591838,0.7324816645408163,0.03872369260204082,0.0
3702,0.03988431394100189,0.6326688528060913,0.19999601403061223,4.000657371065181,0.039570413529872894,5.212401089285098,0.02556999362244898,1.1923076923076923,0.2984561827834846,0.6413255088095796,0.8387182950973511,0.1003669817393064,0.024760578808359416,2.7203793073304734,3.7732230858221163,10.188691876690527,1.4611,0.0,0.0022122130102040817,0.003009406887755102,3.985969387755102e-05,0.0,5.978954081632653e-05,0.0,0.17127710459183673,0.8018176020408163,0.02198262117346939,0.0
3751,0.14156663417816162,0.45434632897377014,0.1998565051020408,4.3962254714983,0.035258833318948746,5.316354105135956,0.19941804846938777,1.0,0.42848102797514315,0.4955381031470804,0.78653883934021,0.13687685817251607,1.123514424663137,0.8899716780867972,0.09989618942954347,0.035631340685095304,1.3717,0.015106823979591837,0.08607700892857142,0.002152423469387755,9.964923469387755e-05,0.00235172193877551,0.09847337372448979,0.0036073022959183672,0.09095982142857142,0.6535594706632653,0.05329241071428571,0.0
4288,0.16766482591629028,0.8282235860824585,0.19983657525510204,2.8993523332823807,0.16078057885169983,4.26849718188895,0.1637236926020408,0.95,0.6118890032178914,0.38621410577282617,0.7992115616798401,0.03651605318288255,4.182964795872424,0.39019010664056497,0.045150959769494264,0.03493108433630499,1.2376,0.0034080038265306123,0.003627232142857143,0.0,0.0,0.0,0.1595184948979592,0.0013552295918367347,0.7219786352040817,0.10766103316326531,0.005181760204081632,0.0
4411,0.12118380516767502,0.4689997136592865,0.19981664540816327,4.628302065287996,0.0514022558927536,4.809939546624456,0.22809709821428573,1.0,0.4742031983731905,0.557815404929405,0.7461841106414795,0.20381858659998153,0.6615853781796545,0.699206687347004,0.012700277621416279,0.027138311303353722,1.6258,0.00013950892857142856,0.014847735969387755,0.042071906887755105,0.07425860969387756,0.004324776785714286,0.0012755102040816326,3.985969387755102e-05,0.21081792091836735,0.5347775829081632,0.1474609375,1.0
4474,0.22797393798828125,0.5932582020759583,0.19941804846938777,3.018758570853407,0.0669417604804039,4.976418799328714,0.37075494260204084,1.0328638497652582,0.5744880822298539,0.5497478708410259,0.7665481567382812,0.19113508110627075,0.7207473934010632,0.2476140555126221,0.012872447113638427,0.00261753653873078,1.3787,0.0001793686224489796,0.15367904974489796,0.1084781568877551,0.00510204081632653,0.0002192283163265306,0.00047831632653061223,0.00027901785714285713,0.07688934948979592,0.5535315688775511,0.1361407844387755,0.0
4602,0.5370107293128967,0.385003924369812,0.19999601403061223,4.289718712880995,0.039544686675071716,5.1527646446540665,0.6948142538265306,1.0,0.4578224128809643,0.4893599533548937,0.7813283205032349,0.03644861169016345,1.1581651578754193,0.26098300182718204,0.0005778120892711264,0.0001443540995554051,1.0823,0.0008569834183673469,0.05406967474489796,0.3839485012755102,0.2230548469387755,0.0011559311224489796,0.00874920280612245,7.971938775510203e-05,0.06596779336734694,0.20487882653061223,0.09725765306122448,1.0
4613,0.3736664056777954,0.41945430636405945,0.19993622448979592,4.674605271621585,0.05090612918138504,4.8752687582304635,0.7507174744897959,1.0,0.5061302643677996,0.4745645338480022,0.7359774112701416,0.10861404989224727,1.1523341501504145,0.22592725716454903,7.317532828760621e-05,9.067530200726559e-07,1.5904,0.0010363520408163266,0.004623724489795918,0.15481505102040816,0.11114875637755102,0.019650829081632654,0.2320830676020408,0.03659119897959184,0.09719786352040816,0.15987723214285715,0.2317841198979592,1.0
4624,0.1173790693283081,0.3606222867965698,0.19999601403061223,4.2703161207908025,0.0411398708820343,5.1933027764328585,0.42623963647959184,1.0,0.5679882649470017,0.6231697265490267,0.7724699378013611,0.06567428788908543,0.4212520032692914,0.39929781433926903,0.005090054927471416,0.009304004757422058,1.5134,0.017538265306122448,0.07118941326530612,0.017119738520408163,0.01721938775510204,9.964923469387755e-05,0.02517139668367347,0.0003786670918367347,0.08631616709183673,0.4514110331632653,0.33755181760204084,1.0
4635,0.15728214383125305,0.41251397132873535,0.19999601403061223,4.309093671733123,0.04314804822206497,5.250380952980338,0.36192602040816324,0.9409090909090909,0.3436533256948697,0.38840056498291226,0.7371397018432617,0.07535047760616978,2.2994185454218528,0.29337226161294866,0.004831397393580331,0.006519230197418422,1.6416,5.978954081632653e-05,0.028918207908163265,0.017418686224489797,0.18377311862244897,0.01420998086734694,0.002072704081632653,0.00013950892857142856,0.038205516581632654,0.5723453443877551,0.146484375,1.0
4675,0.3392304480075836,0.4839955270290375,0.19999601403061223,4.437890984883939,0.03999985009431839,5.273064640968274,0.7237125318877551,1.0,0.4899226320633545,0.52890791683024,0.8106644153594971,0.05483586740671006,0.8290017146620354,0.2613571607583337,0.0001624215535804098,1.9487941435164486e-06,1.1453,0.0007772640306122449,0.6147161989795918,0.07971938775510204,0.0,0.0,0.0,5.978954081632653e-05,0.06987404336734694,0.15838249362244897,0.09026227678571429,0.0
4700,0.24182355403900146,0.4864303171634674,0.19983657525510204,4.590989733184951,0.05210421234369278,4.73168337603099,0.5346779336734694,1.0,0.490772641661446,0.575644815235538,0.7705411911010742,0.06879474423395908,0.69980359090878,0.311484696475672,0.0006697782686507345,0.0005270916160617369,1.2957,0.00027901785714285713,0.2635921556122449,0.18634406887755103,0.00013950892857142856,0.002730389030612245,0.04235092474489796,0.0,0.05434869260204082,0.3879544005102041,0.08410395408163265,0.0
4913,0.09256217628717422,0.6840760111808777,0.1999561543367347,4.509823499850313,0.037773266434669495,5.420794933381644,0.1705596301020408,1.1393939393939394,0.6276826969127568,0.4040207835324669,0.8092883825302124,0.08269281743644492,3.092778323751207,0.4233191314354313,0.018814400295830872,0.03437696649453127,1.1233,0.011738679846938776,0.12665417729591838,0.0028698979591836736,5.978954081632653e-05,0.0004982461734693878,0.001295440051020408,0.0004982461734693878,0.42617984693877553,0.3924186862244898,0.04603794642857143,0.0
5093,0.265951007604599,0.6400004029273987,0.19987643494897958,3.4963890390715626,0.04414331167936325,5.168044334921328,0.3803810586734694,0.9354838709677419,0.5534087155189468,0.49396735756822197,0.8642239570617676,0.015397111920529534,1.3496245121612955,0.2756532080082295,0.009428735009970358,0.004651324582764362,0.9048,0.0,0.31943558673469385,0.057118941326530615,3.985969387755102e-05,0.0,0.0,0.0,0.30343191964285715,0.31301817602040816,0.01725924744897959,0.0
5116,0.1161298155784607,0.5929812788963318,0.19999601403061223,4.516562446698751,0.046188563108444214,5.18560094229937,0.11286272321428571,0.821917808219178,0.7881567788389585,0.425404779193712,0.8631654381752014,0.15568460379259916,1.6327288894751169,0.32411262466513696,0.03440982608157929,0.008966521390979297,1.054,0.0034478635204081634,0.017877072704081634,0.08057637117346939,0.00011957908163265306,0.0,3.985969387755102e-05,0.00011957908163265306,0.1582828443877551,0.7092833227040817,0.03457828443877551,0.0
5278,0.3396446704864502,0.6578142046928406,0.19999601403061223,4.667210023075987,0.04037661850452423,5.095847704384038,0.8082948022959183,1.0,0.4740360436084474,0.532027503560012,0.8013747930526733,0.03117391409461956,0.7848435529630089,0.2091933258416359,0.00018750835861633644,5.604037275274151e-05,1.1392,0.0034478635204081634,0.7618383290816326,0.0023915816326530613,3.985969387755102e-05,7.971938775510203e-05,0.0005381058673469387,0.0,0.06917649872448979,0.10016741071428571,0.08244977678571429,0.0
5297,0.2616423964500427,0.6112066507339478,0.19989636479591838,4.352423634038876,0.050211191177368164,4.853018214894846,0.7579719387755102,1.0,0.5077074580575055,0.45432451501779947,0.8056838512420654,0.0624978369869448,1.2642138437646027,0.20728233547339975,0.0006315266415242388,4.6402428939795033e-05,1.3897,0.013034119897959183,0.680305325255102,0.032525510204081634,0.0,0.0,0.0,0.0,0.07716836734693877,0.16167091836734693,0.04721380739795918,0.0
5304,0.11190468817949295,0.5735741257667542,0.19983657525510204,4.176861547067234,0.056957073509693146,4.976589440173834,0.22963169642857142,0.9953051643192489,0.5273732528062907,0.50803298505569,0.7379356622695923,0.04542532525216283,1.0003472222070986,0.43810004965435895,0.03151299261335019,0.02196634773189637,1.1118,0.0007971938775510204,0.004603794642857143,0.00033880739795918367,0.018793845663265307,0.0026705994897959183,0.01273517219387755,0.005500637755102041,0.4364437181122449,0.32077088647959184,0.2150031887755102,1.0
5317,0.21266226470470428,0.37524595856666565,0.19991629464285715,4.049898383804011,0.039409246295690536,5.078956291969982,0.5468949298469388,1.0,0.4361257409496411,0.4157047578473702,0.8671141862869263,0.036357608866695264,1.7457474297485376,0.2584834550132833,0.0017528636713252082,0.0009519463303054146,1.2883,0.0023915816326530613,0.03756776147959184,0.006955516581632653,0.14036591198979592,0.2195671237244898,0.08071588010204081,0.0004185267857142857,0.0016940369897959183,0.42109773596938777,0.11069036989795919,1.0
5321,0.1284397542476654,0.4459506869316101,0.19981664540816327,4.718120134000074,0.08617046475410461,4.494195129772081,0.3005420918367347,1.0,0.6478116710875331,0.5474033852339094,0.7734118700027466,0.0773498850230995,0.8605798932730064,0.5690752692350312,0.03194016904248766,0.06653776866829535,1.573,5.978954081632653e-05,0.048708545918367346,0.02375637755102041,0.00027901785714285713,7.971938775510203e-05,0.09295280612244898,0.0,0.15100845025510204,0.5325255102040817,0.16296635841836735,0.0
5399,0.3539019525051117,0.48878148198127747,0.1999561543367347,4.796963242566912,0.035429179668426514,5.378260091699133,0.7982302295918368,1.0,0.4819558564897024,0.5184812434418216,0.7390809655189514,0.0609604058148651,0.8637505832565032,0.20701984837335874,0.00035094471359602353,8.855670643412943e-05,1.5204,0.0004185267857142857,0.5877710459183674,0.05104033801020408,0.0030293367346938774,0.0004185267857142857,1.992984693877551e-05,5.978954081632653e-05,0.09805484693877552,0.1114078443877551,0.1837531887755102,0.0
5417,0.3391379117965698,0.48920556902885437,0.1999561543367347,4.104102246268854,0.039870429784059525,5.153500609328228,0.7299306441326531,1.0,0.46541440793400574,0.5277145961829841,0.8682560324668884,0.058715439873859465,0.835931627708731,0.2491018018802424,0.0007693958795790369,0.0002403578900815354,1.5157,0.0,0.030652104591836735,0.43730070153061223,0.22443000637755103,0.00625797193877551,0.005998883928571429,0.0,0.012137276785714286,0.2521125637755102,0.04452327806122449,1.0
5422,0.10024002939462662,0.4935225248336792,0.19983657525510204,4.559375686054629,0.03707552328705788,5.219995965686299,0.13976801658163265,1.0188679245283019,0.6034871817169779,0.348285918719815,0.8101179599761963,0.08146262067784521,3.2196145867286963,0.9924078959327394,0.5172156145999808,0.02887286550276479,0.9109,0.0018933354591836734,0.012097417091836735,0.047951211734693876,0.018594547193877552,0.0001992984693877551,0.009765625,1.992984693877551e-05,0.035853794642857144,0.8064014668367347,0.10833864795918367,1.0
5441,0.18158836662769318,0.5186423063278198,0.19993622448979592,4.477560978482478,0.04759318381547928,5.040009014807829,0.33492107780612246,0.990909090909091,0.533054303985441,0.38638671226132515,0.7230455875396729,0.08644400819132299,1.7405413917503223,0.36671310431118176,0.03018913541288415,0.0005291282415613883,1.3333,0.0002192283163265306,0.039939413265306124,0.14439174107142858,0.01305404974489796,0.04936623086734694,0.06800063775510204,0.0007772640306122449,0.13406808035714285,0.5111806441326531,0.05990911989795918,1.0
5450,0.22271345555782318,0.49372148513793945,0.19991629464285715,4.026078651800937,0.06098535656929016,5.035261918868626,0.5448222257653061,1.0,0.6102114268494989,0.4868808203733799,0.8523462414741516,0.020392513545356813,1.0093348032089735,0.32449694503658166,0.003817896309068881,0.0003442786083014138,1.199,0.0,0.023736447704081634,0.5229791135204082,0.00045838647959183676,0.0003587372448979592,0.00027901785714285713,0.0,0.010981345663265306,0.385921556122449,0.06251992984693877,0.0
5454,0.3719068169593811,0.380623459815979,0.19999601403061223,4.638056502161218,0.0468134768307209,5.128305019417003,0.5503029336734694,1.0,0.44498411362058093,0.4033646253757221,0.7268743515014648,0.17759849050346319,1.693065427301643,0.27087885478826845,0.0022095602959115368,0.0004361509160682739,1.377,1.992984693877551e-05,0.013432716836734694,0.007374043367346939,0.1424186862244898,0.0013751594387755102,0.0787826849489796,0.0001992984693877551,0.10602678571428571,0.3159080038265306,0.4245655293367347,1.0
5509,0.5743168592453003,0.5964049696922302,0.19993622448979592,4.38705693995234,0.05394923314452171,5.142752337614515,0.9217753507653061,1.0,0.49626249748763157,0.5036000191196933,0.773405134677887,0.05164096269475157,0.9771299109023062,0.17439910621301846,1.0937095565604015e-05,1.0185453384628924e-05,1.1789,0.03342235331632653,0.32266422193877553,0.5278220663265306,0.00011957908163265306,0.0,7.971938775510203e-05,5.978954081632653e-05,0.014787946428571428,0.03302375637755102,0.09203603316326531,0.0
5521,0.2213425189256668,0.3595205545425415,0.19997608418367346,4.180892791506986,0.037025608122348785,5.25796716942661,0.3844467474489796,1.0,0.6423921407267411,0.45201073071621023,0.8199456334114075,0.1285828964675271,1.252715162513,0.26120136501030367,0.002635293398299751,0.0047865078901134965,1.4682,0.0005381058673469387,0.16220902423469388,0.025510204081632654,0.029157366071428572,0.00643734056122449,0.02228156887755102,0.00011957908163265306,0.004205197704081632,0.568000637755102,0.20587531887755103,1.0
5526,0.2884249687194824,0.4080142080783844,0.19997608418367346,4.16816706447424,0.03824608027935028,5.2411322169281025,0.4448341836734694,1.0,0.5775993699471206,0.49741931465676587,0.796751856803894,0.0817442483276215,0.9910793935983945,0.22138749604560704,0.010045699920706926,0.0015835896253658542,1.688,0.005181760204081632,0.14945392219387754,0.0595703125,0.0006975446428571429,5.978954081632653e-05,0.010841836734693877,0.0,0.00027901785714285713,0.5525749362244898,0.25093670280612246,0.0
5553,0.4900118410587311,0.6065781116485596,0.19991629464285715,3.9299524031075785,0.04541286453604698,4.924531770571532,0.8758769132653061,1.0,0.5000659156500079,0.4624235898846619,0.8452632427215576,0.004395331281076429,1.1851630844046481,0.17362810459837252,0.00015974194787554444,5.4769816172384465e-06,1.547,0.025849011479591837,0.1952327806122449,0.04779177295918367,0.5231983418367347,0.014927455357142858,0.0400390625,0.01819595025510204,0.02734375,0.0784438775510204,0.0535514987244898,1.0
5570,0.33693361282348633,0.6080448627471924,0.19977678571428573,4.553521094957066,0.04706878215074539,5.29768986312198,0.7491230867346939,1.0,0.49138678931497554,0.5062264647957964,0.7523465156555176,0.009672953033546391,0.9993617021361775,0.18083773097307348,0.0022523657283243835,3.509013790611932e-05,1.1223,5.978954081632653e-05,0.49374202806122447,0.18299585459183673,0.0009566326530612245,0.0,0.0,0.0,0.08665497448979592,0.15336017219387754,0.1083984375,0.0
5581,0.21544063091278076,0.6767171621322632,0.1998565051020408,2.9165778520610117,0.22091373801231384,3.9615409498938416,0.453304368622449,0.9863636363636363,0.39612766616030526,0.3800021095653014,0.655301034450531,0.10392874215401278,2.226241091114984,0.22511527997833033,0.007815795090165913,0.0030759956664620095,1.3443,0.07427853954081633,0.07294323979591837,0.02955596301020408,0.0008769132653061224,0.0001793686224489796,0.19535235969387754,0.06684470663265306,0.4976084183673469,0.06050701530612245,0.018694196428571428,0.0
5613,0.5598945617675781,0.49781545996665955,0.1999561543367347,4.347131066322955,0.04371311888098717,4.988472442671901,0.8704161352040817,1.0,0.5004494161901951,0.5197250275225063,0.8224065899848938,0.0005832784902604298,0.8992824538059586,0.18194556216044316,6.0312264967911925e-05,8.639945663189934e-07,1.4861,0.00528140943877551,0.29747289540816324,0.2762476084183674,0.21201371173469388,0.0003985969387755102,0.010483099489795918,0.00031887755102040814,0.008290816326530613,0.11672911352040816,0.08492107780612244,1.0
5648,0.3244554102420807,0.4663159251213074,0.19941804846938777,4.5795173040056305,0.05187796801328659,4.738077395164122,0.7802734375,1.0,0.4803484221663095,0.47075362918757807,0.8139621019363403,0.10831871986892617,1.1589831234208843,0.20298900261332975,0.0004485558462616945,0.00029938892073989447,1.5804,0.09761639030612244,0.059869260204081634,0.015405771683673469,0.375179368622449,0.0005978954081632653,0.06098533163265306,0.11660953443877552,0.06794084821428571,0.13351004464285715,0.15236367984693877,1.0
5745,0.2101343721151352,0.4244013726711273,0.19999601403061223,4.642017345335706,0.035142309963703156,5.273959883638215,0.4210578762755102,1.0,0.43709863963843687,0.45126281991823525,0.7864958643913269,0.12832081680436744,1.5274554214226563,0.3682331458589053,0.011990983307370192,0.010177063279903784,0.9421,0.03260522959183673,0.16330516581632654,0.15433673469387754,0.002849968112244898,1.992984693877551e-05,0.004424426020408163,0.0014947385204081632,0.06616709183673469,0.48692602040816324,0.11471619897959184,0.0
5748,0.4274559020996094,0.4929775297641754,0.1997967155612245,4.684647545416148,0.03715100139379501,5.176058098067934,0.8193558673469388,1.0,0.4548502308470267,0.5040023010531441,0.7490828037261963,0.11741459331809746,0.9970853978787145,0.20563883408277844,0.00021338863860095658,1.527753517382471e-05,0.8759,0.00027901785714285713,0.6396085778061225,0.16212930484693877,0.0,0.0,0.0,0.0,0.07467713647959184,0.07850366709183673,0.07069116709183673,0.0
5750,0.5115678310394287,0.43132853507995605,0.19991629464285715,4.3511360555643535,0.04913600906729698,4.828825614401727,0.8815768494897959,1.0,0.47507912972408656,0.5098193646467594,0.8021047115325928,0.025866740810424078,0.8885663063767606,0.18351188878398178,7.852820085430277e-05,8.255579431498535e-06,1.3047,7.971938775510203e-05,0.08559869260204081,0.2753308354591837,0.4448341836734694,0.00023915816326530612,0.0042849170918367345,0.0,0.0,0.1067641900510204,0.13701769770408162,1.0
5751,0.3128563165664673,0.40921682119369507,0.19989636479591838,4.619080080969732,0.03998861089348793,5.070051884790354,0.7626554528061225,1.0,0.4708987746118522,0.5120353907012342,0.7915613055229187,0.06775749548548493,0.9165122462535888,0.2223319733815302,0.00033195390816193006,1.6056531227530213e-05,1.6078,0.39150191326530615,0.2098812181122449,0.01971061862244898,0.0,0.0,0.0,0.0055404974489795915,0.02405532525510204,0.22704081632653061,0.18154097576530612,0.0
5752,0.30118653178215027,0.3781813681125641,0.1999561543367347,3.955958394059052,0.060024019330739975,4.8813538786995405,0.8365752551020408,1.0,0.5416923059172827,0.5388286152838991,0.8521255254745483,0.11517385072127154,0.7849215484100388,0.17998963373220467,0.001170104441057483,0.0003549911699391552,1.026,0.02060746173469388,0.6317362882653061,0.1598174426020408,0.0,0.0,0.0,0.0,0.009526466836734694,0.13915019132653061,0.07521524234693877,0.0
5757,0.5105470418930054,0.577914297580719,0.19935825892857142,4.144581777313886,0.04057570546865463,5.047651944295633,0.9646045918367347,1.0,0.5,0.5,0.8567681908607483,0.193934291135866,1.0,0.16666322314049586,0.0,0.0,0.4922,0.00025908801020408165,0.9798309948979592,0.017558195153061226,0.0,0.0,0.0,0.0,0.0,0.0,0.013592155612244899,0.0
5774,0.2261142134666443,0.5550723671913147,0.19997608418367346,4.355661563965144,0.03495026379823685,5.290095450747081,0.5687579719387755,1.0,0.480760292232495,0.5143928934970508,0.8316704630851746,0.07394226288296948,0.9360922670307443,0.26535475276665577,0.0001224246751379178,0.0001698842953813308,1.2868,0.018255739795918366,0.36989795918367346,0.16374362244897958,0.015565210459183673,1.992984693877551e-05,0.00029894770408163266,0.0002192283163265306,0.04635682397959184,0.3767139668367347,0.015525350765306123,1.0
5780,0.09422871470451355,0.7097992300987244,0.19997608418367346,4.109888034833023,0.04335096478462219,5.167018256473364,0.18504862882653061,1.03125,0.514434535667973,0.43955026550852305,0.8654146194458008,0.04124375524818209,1.3704365348646623,0.3350594974843436,0.032479411740094985,0.01761285262561248,1.4963,0.0034279336734693877,0.10666454081632654,0.08179209183673469,0.0,0.0,0.0001992984693877551,3.985969387755102e-05,0.44686702806122447,0.3596739477040816,0.0014349489795918368,0.0
5791,0.16689792275428772,0.459699422121048,0.19997608418367346,4.35388818947255,0.04845982789993286,5.107832184874615,0.3242984693877551,0.9727272727272728,0.5649686826196807,0.44931043339462323,0.7988893985748291,0.047972010519012696,1.775844388494739,0.3112856962891591,0.009932012223620624,0.0035583382991536973,1.5092,0.008091517857142858,0.17663823341836735,0.11704799107142858,0.0007174744897959184,5.978954081632653e-05,0.0007374043367346938,5.978954081632653e-05,0.02409518494897959,0.6333904655612245,0.04310825892857143,0.0
5795,0.2944863736629486,0.41547250747680664,0.19991629464285715,4.728074053575357,0.036232542246580124,5.2955707253588855,0.557975924744898,1.0,0.433461881165679,0.49413846550823587,0.7823543548583984,0.14390534966418903,1.189489321378034,0.24392890666079314,0.0004973709375387401,0.00048005248320643766,0.76,0.04563934948979592,0.3496890943877551,0.013213488520408163,0.0,0.0,0.013532366071428572,0.0019331951530612245,0.05701929209183673,0.349609375,0.20135124362244897,0.0
5802,0.25700244307518005,0.46226364374160767,0.19973692602040816,4.653192906217505,0.04467906057834625,4.946591468180858,0.4688695790816326,1.0,0.49976917056560644,0.5789543407560913,0.7702105641365051,0.07890580431402709,0.6509473745663383,0.39448631016106994,0.010550072420247204,0.003312617993425916,0.9228,0.020527742346938774,0.2209422831632653,0.18369339923469388,0.022301498724489797,0.0,0.001295440051020408,3.985969387755102e-05,0.08805006377551021,0.41836734693877553,0.08998325892857142,1.0
5803,0.5117479562759399,0.354339599609375,0.19989636479591838,4.145330050276874,0.04364501312375069,4.967871719828468,0.9629304846938775,1.0,0.4997401263802537,0.49981651066205773,0.8332569003105164,0.0031369223839669107,0.9997516659104467,0.16694003814161085,4.094528399480897e-08,1.5390865345322533e-08,1.4552,0.0026307397959183672,0.7952208227040817,0.09072066326530612,0.00033880739795918367,0.0,0.0,0.0,5.978954081632653e-05,0.010104432397959183,0.17930883290816327,0.0
5804,0.3103380501270294,0.4657686650753021,0.19997608418367346,4.670139243072018,0.03765095770359039,5.153280455268843,0.7649075255102041,1.0,0.5037728684362418,0.504758644379897,0.7936576008796692,0.04367931256925263,0.9924207030006488,0.19774359496886518,0.00013959395391641388,5.0619376265295055e-05,1.3203,0.001175860969387755,0.3518016581632653,0.37149234693877553,1.992984693877551e-05,0.0,0.0,9.964923469387755e-05,0.07607222576530612,0.17332987882653061,0.09556361607142858,0.0
6042,0.24854552745819092,0.6278623342514038,0.19989636479591838,4.2241797684490665,0.0391567125916481,5.1276411096407895,0.736945950255102,1.0,0.45003323481533974,0.5169439347280597,0.7704414129257202,0.13056986348337543,0.9310146752993388,0.19336542011648267,3.5007142067338874e-06,2.738512084920051e-05,1.6715,0.001992984693877551,0.2856943558673469,0.002730389030612245,5.978954081632653e-05,0.0011160714285714285,0.4193638392857143,0.0001992984693877551,0.0166812818877551,0.2460339604591837,0.034837372448979595,0.0
6053,0.19205144047737122,0.6198177933692932,0.1999561543367347,4.057255382015587,0.03968142718076706,5.314006573175397,0.3454440369897959,0.8538812785388128,0.652344124934448,0.40022751386129624,0.795550525188446,0.06575917484126818,2.4282040430562044,0.1906581162380835,0.0014765586577699112,0.001115067467542534,1.1818,0.0025111607142857145,0.3136360012755102,0.0014349489795918368,0.0,0.0,0.0,1.992984693877551e-05,0.032106983418367346,0.6202766262755102,0.04627710459183673,0.0
6056,0.2266913801431656,0.40212950110435486,0.19999601403061223,4.689231496332304,0.039971973747015,5.170393306723116,0.4406887755102041,1.004566210045662,0.5457156960407027,0.5629226343831323,0.7392053604125977,0.06214212892641725,0.6015064894599877,0.22292903234578923,0.0008224243592239132,0.0003756474481194566,0.8884,0.025689572704081634,0.10542889030612244,0.03443877551020408,0.0034677933673469387,0.0013153698979591836,0.007174744897959184,0.00027901785714285713,0.06246014030612245,0.5040656887755102,0.27535076530612246,0.0
6081,0.05887206643819809,0.5496087074279785,0.19999601403061223,4.22131097107456,0.03374665603041649,5.370520147292512,0.019092793367346938,1.4785714285714286,0.6159319209489127,0.4587706076748083,0.8210785984992981,0.0696942785825651,0.7199283128624505,3.812991286055593,3.198904475886219,49.514449191557546,0.9015,9.964923469387755e-05,0.016083386479591837,0.012197066326530613,7.971938775510203e-05,0.00031887755102040814,0.002331792091836735,0.0,0.016761001275510203,0.9298867984693877,0.025011957908163265,0.0
6093,0.47918054461479187,0.5921037793159485,0.19991629464285715,4.091613461774625,0.06719960272312164,4.893381214741045,0.9604990433673469,1.0,0.4990394762870767,0.4994968020692154,0.8086151480674744,0.01063375548021235,1.0085854796134899,0.16777520968099563,6.549324487971824e-08,2.692770860914877e-09,1.5337,0.0005779655612244898,0.378109056122449,0.007752710459183673,0.0005978954081632653,0.48238201530612246,0.04665577168367347,0.0,3.985969387755102e-05,0.025629783163265307,0.08589764030612244,0.0
6188,0.2532002031803131,0.5901113748550415,0.19993622448979592,4.843008172252348,0.03668724000453949,5.234916729289486,0.35371492346938777,1.0,0.42221469279428697,0.4707165893005313,0.6866917014122009,0.11867429085766573,1.2304888704505408,0.4656148902853684,0.0182885317474971,0.006531247397756703,0.8048,0.08163265306122448,0.10518973214285714,0.01805644132653061,0.002730389030612245,0.006915656887755102,0.07655054209183673,0.0007772640306122449,0.16483976403061223,0.45412149234693877,0.11367984693877552,0.0
6305,0.41841748356819153,0.5634995102882385,0.1999561543367347,4.4915418747406335,0.043202780187129974,5.118475394982685,0.8154695471938775,1.0,0.509690239159642,0.5433005523266996,0.8142092227935791,0.059220142824785556,0.72587312589729,0.1904724682047439,4.90042680646568e-05,0.00013548895395549008,1.2151,0.001634247448979592,0.6572066326530612,0.01251594387755102,0.0,3.985969387755102e-05,0.04651626275510204,0.0007174744897959184,0.038962850765306124,0.11597177933673469,0.15886080994897958,0.0
6363,0.10314665734767914,0.6746454238891602,0.19983657525510204,4.254038225277277,0.047982726246118546,4.914523389678028,0.2181720344387755,0.9856459330143541,0.5425623909083349,0.5336556363497832,0.7656747102737427,0.01097211728627824,0.7996054660981392,0.32392497947808807,0.0027490927954813525,0.012041114038204143,1.6986,0.00607860331632653,0.12330596301020408,0.011579241071428572,0.0027104591836734694,0.0006576849489795918,0.012755102040816327,0.00011957908163265306,0.5103037308673469,0.26329320790816324,0.07397959183673469,0.0
6368,0.2516982853412628,0.5348721146583557,0.19969706632653061,4.6592537542048245,0.04666735604405403,4.885140555400874,0.4536033163265306,1.0,0.49131530416827573,0.5397325967199161,0.7840928435325623,0.19560282862583891,0.595961019659582,0.3109819840467052,0.001631788519771801,0.0008824641513409052,0.5476,0.03812579719387755,0.14050542091836735,0.04434390943877551,0.03384088010204082,0.0008370535714285714,0.08199139030612244,0.00470344387755102,0.045778858418367346,0.4856505102040816,0.13919005102040816,1.0
6373,0.27886709570884705,0.6196334362030029,0.19977678571428573,3.926254988680287,0.04472452774643898,5.2670564689506865,0.7815688775510204,1.0,0.4858286313081693,0.5036592779006647,0.7982804179191589,0.05099327274046244,0.9889435513908729,0.21990367716361026,0.000253805111395774,8.489895138037474e-07,1.6058,0.0004384566326530612,0.05000398596938776,0.029715401785714284,0.6456473214285714,0.00013950892857142856,0.00015943877551020407,1.992984693877551e-05,0.03266501913265306,0.16198979591836735,0.09103954081632654,1.0
6462,0.15382146835327148,0.4837038218975067,0.1999561543367347,3.0220720378071046,0.06658507883548737,4.763895465020493,0.11730707908163265,1.0,0.44737531788587037,0.5255512434308666,0.9014096260070801,0.03936426395451621,0.8172275535208248,0.8104605212977514,0.02571738117562714,0.05268048313212443,1.6167,0.008769132653061224,0.018494897959183673,0.0274234693877551,0.0001992984693877551,0.013014190051020409,0.04745296556122449,0.0,0.0024713010204081634,0.8667689732142857,0.02881855867346939,0.0
6494,0.4195955693721771,0.6487631797790527,0.19973692602040816,3.2280674029425525,0.05298449471592903,5.1094109388325935,0.7144052933673469,1.0,0.44024800660723784,0.49960818939214063,0.8290719389915466,0.20807570150930457,1.0767047089251098,0.24753614851326255,0.00014133188003730588,0.0001776594691721251,1.4647,0.001016422193877551,0.03126992984693878,0.0010363520408163266,5.978954081632653e-05,5.978954081632653e-05,0.6392299107142857,0.0002192283163265306,0.09913105867346939,0.1498126594387755,0.0848812181122449,0.0
6522,0.33100569248199463,0.7437973022460938,0.19997608418367346,3.7610408194669285,0.061550337821245193,4.716890406143349,0.8354591836734694,1.0,0.46829365351042346,0.5019137455927155,0.7991750240325928,0.12024285384718804,0.9727058826751787,0.20010234571111485,2.757490023310017e-05,2.1363703345012767e-05,1.2704,0.005440848214285714,0.06728316326530612,0.04270966198979592,0.009267378826530613,0.002311862244897959,0.6272520727040817,0.003926179846938775,0.08767139668367346,0.06857860331632654,0.11260363520408163,0.0
6541,0.32267627120018005,0.35505348443984985,0.1992984693877551,2.9326451362303683,0.10043121129274368,4.502709079839951,0.9111527423469388,1.0,0.5127101079987924,0.505428973133601,0.89705491065979,0.0001318549524167067,0.9558502678535309,0.17973852000196922,8.41192333411464e-06,8.001907707269425e-07,0.9179,0.03276466836734694,0.2050183354591837,1.992984693877551e-05,0.0,0.0036870216836734694,0.5283402423469388,0.0006377551020408163,0.0,0.08129384566326531,0.17625956632653061,0.0
6558,0.07165491580963135,0.7368529438972473,0.19999601403061223,3.520328731859297,0.05379289388656616,5.020420741741786,0.09935028698979592,1.07035175879397,0.6408112229063873,0.6322842968366985,0.7729141712188721,0.03072794709328919,0.21260038860199823,0.7877156059606056,0.026374231394957783,0.3602476760283787,1.2543,0.019909917091836735,0.07798549107142858,0.007653061224489796,3.985969387755102e-05,0.0,0.0,0.004763233418367347,0.6228276466836735,0.2587890625,0.012236926020408163,0.0
6620,0.40887123346328735,0.5946218371391296,0.19997608418367346,4.653813873988058,0.036673419177532196,5.219301085174005,0.7744339923469388,1.0,0.4613892551631593,0.5067748109882435,0.7529088258743286,0.017250119910510224,1.0312598009491656,0.22768335201982437,0.00021283299165781027,3.759903602473989e-05,1.4255,0.037029655612244895,0.6524832589285714,0.003308354591836735,3.985969387755102e-05,0.0,0.022042410714285716,0.002570950255102041,0.05799585459183673,0.1449298469387755,0.09881218112244898,0.0
6626,0.16569143533706665,0.48949161171913147,0.19999601403061223,4.702666987620661,0.04100332409143448,5.004096137271881,0.3075374681122449,1.0,0.5670020135926952,0.5619434758463323,0.7579435110092163,0.13450481977384293,0.7849624122554807,0.4164767878193062,0.0026999341226594305,0.006535001196074124,1.0743,0.02419483418367347,0.1602160395408163,3.985969387755102e-05,0.0,0.0,0.00023915816326530612,0.00011957908163265306,0.04434390943877551,0.6327327806122449,0.1582629145408163,0.0
6631,0.1782585084438324,0.5540814399719238,0.19989636479591838,4.31019142864068,0.038727812469005585,5.16652827321284,0.4047951211734694,1.0,0.417408844044613,0.5377993280718019,0.8371712565422058,0.03133603649754465,0.859811375805377,0.36961614184896163,0.003075152367733225,9.828506006512262e-05,1.4251,0.008848852040816327,0.248046875,0.09408880739795919,0.043287627551020405,0.0027503188775510204,0.00882892219387755,0.0027503188775510204,0.05357142857142857,0.5344985650510204,0.0047831632653061226,1.0
6634,0.1589098423719406,0.6067089438438416,0.1998565051020408,4.485738640542303,0.03928083926439285,5.195304406675726,0.20842633928571427,1.0,0.5026902399261792,0.4987740841649751,0.7677838206291199,0.047358472554353,1.1656657607036185,1.0029455443345086,0.02864641105932534,0.008094758414268871,1.5839,0.011419802295918368,0.15754544005102042,0.0009367028061224489,0.0,3.985969387755102e-05,0.015106823979591837,0.01634247448979592,0.11429767219387756,0.6449896364795918,0.05446827168367347,0.0
6654,0.6091237664222717,0.6552149653434753,0.19987643494897958,3.605154321123089,0.06293447315692902,5.069396393357287,0.9646045918367347,1.0,0.5,0.5,0.8566691875457764,0.06601683761158302,1.0,0.16666322314049586,0.0,0.0,0.8359,0.005819515306122449,0.9726363201530612,0.007035235969387755,0.0,0.0,0.0,0.0,0.0006576849489795918,0.00029894770408163266,0.0353156887755102,0.0
6655,0.34178048372268677,0.5703426599502563,0.19993622448979592,4.58697165426488,0.03610927611589432,5.254682396103069,0.8498883928571429,1.0,0.5014394909066742,0.52813153680718,0.7686283588409424,0.07197158443652192,0.8302145941028224,0.18513985818797923,1.3921487994342307e-05,4.853036550980155e-05,1.4851,0.21324936224489796,0.5639748086734694,0.0,0.0,0.0,0.0,0.001295440051020408,0.03220663265306122,0.11708785076530612,0.08876753826530612,0.0
6657,0.22320836782455444,0.6673370599746704,0.1999561543367347,4.498344382381427,0.05333183333277702,4.7332912038580615,0.6320153061224489,1.0,0.4704765818374338,0.4972476503780663,0.8041003942489624,0.12082834932297613,1.0721380019538693,0.29648908699374454,0.0001088370449474895,2.111038772456308e-05,1.5048,0.14726163903061223,0.37143255739795916,0.05624202806122449,0.00047831632653061223,0.0,0.0006377551020408163,0.02032844387755102,0.10030691964285714,0.28561463647959184,0.02756297831632653,0.0
6664,0.16042950749397278,0.7181177735328674,0.19997608418367346,4.117611072826035,0.03903621435165405,5.1572771362421275,0.17908960459183673,1.0,0.49178043773123914,0.5301300777791862,0.8429787755012512,0.04242786320332952,0.8116935579117581,1.1631051518486775,0.10866564721584923,0.06935723223559476,1.6638,0.11908083545918367,0.09905133928571429,5.978954081632653e-05,0.0,0.0,0.004544005102040816,0.0017139668367346938,0.3016980229591837,0.458805006377551,0.01891342474489796,0.0
6673,0.18645091354846954,0.4685853123664856,0.19999601403061223,4.61821859006785,0.03749319911003113,5.175305974047692,0.3626235650510204,1.0,0.43531497959943166,0.5051836297608001,0.7853875756263733,0.021561680552680745,1.077054792313755,0.5210638293371578,0.01192102262546362,0.005836596611672359,1.6741,0.0001793686224489796,0.09223533163265306,0.1132015306122449,0.12498007015306123,0.001992984693877551,0.01747847576530612,0.0001992984693877551,0.043048469387755105,0.562858737244898,0.05961017219387755,1.0
6744,0.31083372235298157,0.4978848695755005,0.19969706632653061,4.302528669103074,0.046779125928878784,5.107355910670405,0.735710299744898,1.0,0.5321514884819021,0.4546437732058073,0.8339085578918457,0.1052830505914853,1.4135338278033758,0.22126572440293624,0.0006475775934322891,0.00025067944938596406,1.2794,0.09143813775510204,0.6290856186224489,0.024792729591836735,0.0,0.0,0.0,3.985969387755102e-05,0.056740274234693876,0.18877551020408162,0.01572464923469388,0.0
6747,0.11470957100391388,0.5435652732849121,0.19987643494897958,4.562828151124308,0.039445213973522186,5.137318903442258,0.1700015943877551,0.990909090909091,0.3787066486523429,0.49616810097834596,0.7905829548835754,0.008819714969487814,1.519940877269493,0.6831167076666885,0.011029262616715505,0.044344300381223875,1.2781,0.01598373724489796,0.06094547193877551,0.00759327168367347,0.0811344068877551,0.0005181760204081633,0.005381058673469388,3.985969387755102e-05,0.09333147321428571,0.7153818558673469,0.023297991071428572,1.0
6759,0.31554678082466125,0.43538859486579895,0.1998565051020408,3.9899541437015245,0.03737449273467064,5.198883470853318,0.6318957270408163,1.0,0.4302268119740248,0.535409263188504,0.8497896194458008,0.04641565465958399,0.7885711092143781,0.27264191958075856,0.002996161661176182,0.0008428340961838886,1.1885,0.004603794642857143,0.07407924107142858,0.060427295918367346,0.4740712691326531,0.0005580357142857143,0.007912149234693877,0.001295440051020408,0.006417410714285714,0.3333266900510204,0.05072146045918367,1.0
6778,0.3848094642162323,0.6267428398132324,0.19999601403061223,4.6179903866563325,0.0353529192507267,5.231055207433951,0.7352917729591837,1.0,0.4520523103274172,0.5022562517608925,0.7961148619651794,0.10288946739819708,1.0646930429106165,0.24725189670048744,0.0003115520218183761,4.1021454072678816e-05,1.6414,0.021324936224489797,0.6886758609693877,0.010801977040816327,0.0,0.0,0.0,0.00033880739795918367,0.051638233418367346,0.20139110331632654,0.03924186862244898,0.0
6787,0.1572517305612564,0.5852138996124268,0.1999561543367347,4.684021405584827,0.04299990087747574,5.129139055702604,0.2883450255102041,0.9818181818181818,0.48172090935802653,0.39022813296949754,0.7520204782485962,0.01534226432952829,2.6646402184334,0.41534239733948664,0.008729618806064028,0.016713175404250123,1.0678,0.09024234693877552,0.17199457908163265,0.0010562818877551021,0.0,0.0,0.0009566326530612245,0.0028698979591836736,0.2181122448979592,0.4829599808673469,0.04803093112244898,0.0
6797,0.48899346590042114,0.5021260380744934,0.19997608418367346,4.682935035897048,0.03648202121257782,5.27733436806345,0.8768335459183674,1.0,0.486473393219196,0.5134154062925411,0.7709901332855225,0.009734648349145043,0.8786455455162648,0.18438240428554104,2.863809397118256e-05,9.738319137598381e-06,1.1489,0.013871173469387755,0.20655293367346939,0.44471460459183676,0.17334980867346939,5.978954081632653e-05,0.0004982461734693878,0.004145408163265306,0.040158641581632654,0.0914779974489796,0.05237563775510204,1.0
6824,0.34508809447288513,0.5047173500061035,0.19999601403061223,4.762511704037426,0.03809977322816849,5.2868597018718075,0.6736487563775511,1.0,0.45679718924653034,0.535734806582924,0.7630541324615479,0.02544830074875883,0.8376100924616929,0.24627251778794376,0.000791886977843496,0.0007748740612486512,1.6609,0.00980548469387755,0.06548947704081633,0.23214285714285715,0.3454440369897959,3.985969387755102e-05,0.0,0.00031887755102040814,0.08075573979591837,0.22532684948979592,0.07059151785714286,1.0
6857,0.15928982198238373,0.49521195888519287,0.1997967155612245,4.333614302146822,0.04533396661281586,5.0054444889693155,0.34921077806122447,0.990909090909091,0.5533691661424485,0.4986761037885492,0.7972363829612732,0.09820209443328945,0.8590981469866797,0.33552275023582573,0.01346098026008138,0.0014519592804063933,1.6481,0.012316645408163265,0.22433035714285715,0.025111607142857144,0.000817123724489796,5.978954081632653e-05,0.003966039540816327,0.00033880739795918367,0.014588647959183673,0.6356226084183674,0.11053093112244898,0.0
6873,0.31507325172424316,0.5381273031234741,0.19977678571428573,4.831578602242477,0.04028124362230301,5.09952229044703,0.6401666135204082,1.0,0.46908920487456135,0.4434269912409397,0.7285257577896118,0.03765938530729299,1.4721773171353922,0.21521248751489147,0.0003026151090937847,0.0008542567978232037,1.63,0.05624202806122449,0.43168048469387754,0.00047831632653061223,0.0,7.971938775510203e-05,0.07818478954081633,0.0007971938775510204,0.11379942602040816,0.24675143494897958,0.09725765306122448,0.0
6876,0.31817224621772766,0.6207898855209351,0.19999601403061223,4.557438021105292,0.0442076176404953,4.970752036373643,0.5557437818877551,1.0,0.4100838565826493,0.48989612204513894,0.787601113319397,0.037223694352970293,1.0681599037973777,0.31405526585432963,0.0006094164233102415,5.146314728151293e-05,1.4765,0.021863042091836735,0.06232063137755102,0.010841836734693877,0.47456951530612246,0.003587372448979592,0.007692920918367347,0.00025908801020408165,0.06702407525510204,0.3420360331632653,0.012994260204081632,1.0
6892,0.5144532918930054,0.3533012866973877,0.19999601403061223,4.04654089636497,0.03608695790171623,5.341376597289346,0.9413066007653061,1.0,0.5043317772311318,0.4962539329407901,0.852082371711731,0.08297023810292234,1.0098297871291022,0.16812266817070065,3.514447958775422e-05,3.5917205410886786e-06,0.9381,0.01518654336734694,0.4050342793367347,0.32190688775510207,0.1690051020408163,0.0,0.0,1.992984693877551e-05,0.004723373724489796,0.04478236607142857,0.11138791454081633,1.0
6911,0.6082732081413269,0.3208737373352051,0.19993622448979592,3.7767007215659563,0.053023774176836014,4.934616623468927,0.9645049426020408,1.0,0.4999492683758514,0.49998772248365353,0.8811213374137878,0.042487684024416654,1.000206654265268,0.16667055927156732,7.341763590696143e-10,1.9252321440531856e-10,1.2184,0.0016741071428571428,0.6969467474489796,0.21165497448979592,0.0,0.0,0.0,0.0,0.0017139668367346938,0.0016143176020408164,0.12115353954081633,0.0
6919,0.3684382438659668,0.458273321390152,0.19997608418367346,4.616102477558336,0.036039382219314575,5.2788632835244425,0.8559869260204082,1.0,0.4770125863320056,0.5015045130170133,0.7748985290527344,0.02757081449037374,0.9979532027963669,0.19320144054953675,4.785758254237002e-05,6.741529594874734e-06,1.1736,0.006636639030612245,0.7481465242346939,0.05992904974489796,0.00390625,0.0,0.00011957908163265306,7.971938775510203e-05,0.07122927295918367,0.05743781887755102,0.10720264668367346,0.0
6968,0.393167108297348,0.5820245742797852,0.19951769770408162,4.498455256257941,0.038797058165073395,5.1047307511519096,0.8032724808673469,1.0,0.45205543159418404,0.4987812103117318,0.7783147692680359,0.023032011017707375,1.0197945374609845,0.18926701437059384,5.472427840416943e-05,0.00018541085802080821,1.1377,0.037228954081632654,0.16448102678571427,0.03784677933673469,0.5621611926020408,0.00025908801020408165,0.0,7.971938775510203e-05,0.07427853954081633,0.10098453443877552,0.03617267219387755,1.0
6975,0.3233444094657898,0.5246440172195435,0.19991629464285715,4.592251186964385,0.04554161801934242,5.004982971921264,0.7339166135204082,1.0,0.46989926296658235,0.4768520362032276,0.792936384677887,0.028612126559963244,1.0674264531262099,0.23848117846397138,0.00010008562751505128,3.094444233735884e-05,0.9626,0.08129384566326531,0.4315609056122449,0.13030133928571427,0.053989955357142856,0.0008769132653061224,0.0008569834183673469,0.006796077806122449,0.02138472576530612,0.2086455676020408,0.10349569515306123,1.0
6976,0.21903115510940552,0.34748053550720215,0.1999561543367347,4.254143574682724,0.03842362016439438,5.254147158154252,0.5132134885204082,1.0,0.48075977022443117,0.49701078263667936,0.8639077544212341,0.04715085476005556,1.0543278808432566,0.28346275387438563,0.0018708174484207006,0.0009999116620483125,1.0445,0.0007573341836734694,0.1683673469387755,0.12013711734693877,0.0556640625,0.0,1.992984693877551e-05,0.0,0.011977838010204082,0.466617506377551,0.20826690051020408,1.0
6982,0.19541269540786743,0.64077228307724,0.19997608418367346,4.592809917025872,0.03789183124899864,5.132790314541111,0.3639987244897959,1.0185185185185186,0.5640395769864607,0.3453324828278424,0.778034508228302,0.024839583436916286,3.7365143447778224,0.26062525361159156,2.4903597878051614e-05,0.001472792725126215,1.6745,0.031369579081632654,0.26345264668367346,0.05881297831632653,0.004743303571428571,0.0,0.0,0.0011160714285714285,0.3059032206632653,0.3323301977040816,0.007772640306122449,0.0
6990,0.38577306270599365,0.4480047821998596,0.19997608418367346,4.5616965735994075,0.04108613356947899,5.062722022713455,0.8876554528061225,1.0,0.48508461924385915,0.49733920903904744,0.7890784740447998,0.06137346775896537,1.0458888373214243,0.18427071604243106,1.8191403721600187e-05,1.1160365382452783e-06,1.5841,0.0014349489795918368,0.7687539859693877,0.04844945790816327,0.00023915816326530612,0.0,1.992984693877551e-05,0.0,0.013193558673469387,0.09454719387755102,0.10849808673469388,0.0
6992,0.32188957929611206,0.3776524066925049,0.19989636479591838,4.15025159909097,0.04887056350708008,5.084727415353268,0.8088129783163265,1.0,0.48429443550829615,0.44148961619817173,0.7101417183876038,0.05821088444203548,1.4149360247486373,0.18533667215985544,0.00024050625356229074,8.929381320250006e-06,1.1824,0.0064572704081632655,0.2659239477040816,0.014130261479591837,0.0830078125,0.0009367028061224489,0.014488998724489796,0.0001992984693877551,0.06206154336734694,0.12404336734693877,0.4916493941326531,1.0
7013,0.14550913870334625,0.67059725522995,0.1997967155612245,4.354230180116143,0.03656715899705887,5.303472816979787,0.275569993622449,0.9769585253456221,0.518963839190302,0.48679437546802723,0.7774724364280701,0.06911263837704519,1.1013677772900992,0.3105301999188024,0.03169874952912444,0.01618468402225874,0.9602,0.0020129145408163264,0.2680165816326531,9.964923469387755e-05,0.0,0.0,0.0,0.0,0.29799107142857145,0.42940848214285715,0.008948501275510204,0.0
7019,0.11556373536586761,0.5780153870582581,0.19999601403061223,4.076318540899597,0.06746651232242584,4.810132785561985,0.18470982142857142,1.057591623036649,0.6137875441995313,0.37767253542252527,0.8208275437355042,0.01603228725429628,4.224351291473928,0.31438987946096925,0.016527397478065534,0.0019063956599814713,1.631,0.028300382653061226,0.15182557397959184,0.0,0.0,0.0,0.0018136160714285715,0.0030691964285714285,0.07387994260204081,0.7380022321428571,0.0064572704081632655,0.0
7025,0.19840657711029053,0.5649966597557068,0.19981664540816327,4.382494175686333,0.03628389537334442,5.222883951863301,0.2780811543367347,1.02803738317757,0.6625426359279825,0.4643584050105431,0.7676612734794617,0.06891663071571807,1.081294746361094,0.2815853770536372,0.00999458582821902,0.014869207506980908,1.2229,0.005500637755102041,0.2018096301020408,7.971938775510203e-05,0.0,0.0,0.028698979591836735,7.971938775510203e-05,0.042689732142857144,0.6819794323979592,0.07172751913265306,0.0
7029,0.2590894103050232,0.545897364616394,0.19999601403061223,4.159039439828905,0.04563666135072708,4.986104998391568,0.6322743941326531,1.0,0.5028614035273705,0.48151611204754985,0.8478506803512573,0.006054203483116398,1.2776222220080506,0.2643347888223834,0.0014847134877022654,0.00012046404617286347,1.558,0.029715401785714284,0.5124960140306123,0.04595822704081633,0.031210140306122448,1.992984693877551e-05,0.00015943877551020407,5.978954081632653e-05,0.04452327806122449,0.32704878826530615,0.013691804846938776,1.0
7062,0.3939949870109558,0.4182378053665161,0.1999561543367347,4.440041835016231,0.04239841550588608,5.095803957760837,0.8481943558673469,1.0,0.5122667482346059,0.546520751935298,0.8184604644775391,0.08250004563141855,0.7778102700924416,0.18091439348176905,0.00028659618411765067,2.012949412964693e-05,1.4574,0.006357621173469388,0.4983657525510204,0.1735889668367347,0.05610251913265306,0.011120854591836735,0.028300382653061226,0.0,0.0015943877551020409,0.1367984693877551,0.16179049744897958,1.0
7081,0.3985421061515808,0.4182359278202057,0.19989636479591838,3.801785511830647,0.040536295622587204,5.327185903628202,0.9462292729591837,1.0,0.4951128651136415,0.5007205603086027,0.8763944506645203,0.0632363226378916,0.9934500567511967,0.1713021538376727,1.686492605528327e-06,1.4405717740529334e-07,0.7573,0.003268494897959184,0.27028858418367346,0.15676817602040816,0.41531808035714285,0.0,0.0,3.985969387755102e-05,0.0007573341836734694,0.018973214285714284,0.1405452806122449,1.0
7103,0.20727621018886566,0.7197219133377075,0.19991629464285715,4.1740132154543925,0.050091732293367386,5.078910218418349,0.3220065369897959,0.9454545454545454,0.7123206118438162,0.5304277450165986,0.6557679176330566,0.015357832432057891,0.7307980790077534,0.27089477605813805,0.008540805994593325,0.014892166063258848,1.5989,0.05397002551020408,0.22805723852040816,0.0,0.0,0.0,0.0,0.0013352997448979591,0.6146564094387755,0.056740274234693876,0.06833944515306123,0.0
7105,0.14662514626979828,0.5546779036521912,0.19977678571428573,4.5656857368374,0.04570654407143593,4.870455676418234,0.34329161352040816,1.0185185185185186,0.5844498102794067,0.301676960825789,0.8415830135345459,0.017288304500886878,3.66044354235604,0.29939101760518605,0.005053651633559744,0.0005014520063313867,1.0932,0.01038345025510204,0.258609693877551,0.011937978316326531,0.0003786670918367347,0.0,0.0,1.992984693877551e-05,0.09109933035714286,0.5641741071428571,0.08356584821428571,0.0
7106,0.30090177059173584,0.4297903776168823,0.19991629464285715,4.773468860041433,0.04214486479759216,4.9651802860582235,0.7185706313775511,1.0,0.5189337664865524,0.5095232557633362,0.7082455158233643,0.021659422513409535,0.9082777613534072,0.2039738178744275,0.0004222626164898096,2.9346414256108132e-05,1.2295,0.08998325892857142,0.4344507334183674,0.01731903698979592,0.0006178252551020409,1.992984693877551e-05,0.005400988520408163,0.00253109056122449,0.11623086734693877,0.18632413903061223,0.22187898596938777,0.0
7128,0.2492079883813858,0.3879137635231018,0.19989636479591838,4.061745613924776,0.04268588125705719,5.214546400913241,0.44822225765306123,1.0,0.561188929010801,0.5745104451006626,0.8367639183998108,0.011130463211023761,0.6762316524727586,0.3048862417319558,0.002279355205303724,0.0022732022436162823,1.4706,0.06963488520408163,0.17859135841836735,0.13107860331632654,0.02138472576530612,3.985969387755102e-05,0.001793686224489796,0.001833545918367347,0.028200733418367346,0.49962133290816324,0.12153220663265306,1.0
7175,0.4539888799190521,0.5766671895980835,0.1999561543367347,4.680113733509309,0.0380270779132843,5.1752123128982355,0.9614556760204082,1.0,0.498579099431993,0.5000550289896808,0.7305580377578735,0.043907809306508123,0.9979292636676678,0.16710857776704174,4.0584290422587223e-07,7.883160002923248e-08,1.0661,0.034677933673469385,0.8040896045918368,0.11407844387755102,0.0013950892857142857,5.978954081632653e-05,0.0003786670918367347,0.00510204081632653,0.0030691964285714285,0.009267378826530613,0.04906728316326531,0.0
7189,0.4046427011489868,0.5555237531661987,0.1999561543367347,3.9917585806369558,0.04598303139209747,5.009813983409426,0.8667689732142857,1.0,0.4965623009677895,0.5138796305776577,0.8707870244979858,0.019413185248730914,0.9135427675858144,0.19400100076781213,4.1868810191979755e-05,7.159581261169197e-06,1.1827,0.018176020408163265,0.1258968431122449,0.05998883928571429,0.6698222257653061,0.0,0.0,0.00015943877551020407,0.011499521683673469,0.10251913265306123,0.023596938775510203,1.0
7201,0.4354933202266693,0.5389094352722168,0.19999601403061223,4.160125104290845,0.05511658638715744,4.903473695172951,0.8418168048469388,1.0,0.4821176145098726,0.5031301168229434,0.782487690448761,0.039953952856774826,0.9520750537029029,0.20660355827112337,1.3400776620864086e-05,3.730162144400627e-06,0.9632,0.010024713010204082,0.3188376913265306,0.5152064732142857,0.0007374043367346938,3.985969387755102e-05,0.0008370535714285714,0.0001793686224489796,0.09887197066326531,0.04253029336734694,0.02076690051020408,0.0
7208,0.4016939401626587,0.5768778920173645,0.1999561543367347,4.298898984865822,0.06711970269680023,4.7732296411886725,0.8950095663265306,1.0,0.4993376593342203,0.5314724153536019,0.7823227643966675,0.04503370588988291,0.8670436134102231,0.17223635674017893,0.00019951766067171557,1.7061013237360777e-05,1.2679,0.02810108418367347,0.28282445790816324,0.5620615433673469,0.0,0.0,0.0,0.0,0.042470503826530615,0.050502232142857144,0.0694156568877551,0.0
7214,0.34079670906066895,0.5941537618637085,0.19999601403061223,4.275830747982093,0.056322768330574036,4.770891146939291,0.9063695790816326,1.0,0.4985239992845306,0.4996348700214187,0.8202487230300903,0.12981142685406932,0.9897619882117831,0.17886095086250886,1.7001018583423824e-05,4.461196795491058e-06,1.3978,0.0004185267857142857,0.6860451211734694,0.21047911352040816,0.0004982461734693878,0.0,0.0001793686224489796,0.0,0.01167889030612245,0.0748764349489796,0.02264030612244898,0.0
7226,0.44946813583374023,0.5565745830535889,0.1999561543367347,4.649963731374666,0.041332438588142395,5.153791987214566,0.7780213647959183,1.0,0.4934755993757491,0.5064622558174317,0.7406717538833618,0.10551634499410491,0.9955017124739831,0.20202514397224375,0.00011775266101760138,1.1006184391871276e-05,1.4783,0.011997767857142858,0.7322624362244898,0.0045041454081632655,0.0,0.0,0.0,9.964923469387755e-05,0.14124282525510204,0.07852359693877552,0.050661670918367346,0.0
7233,0.3928326964378357,0.5362951159477234,0.19997608418367346,4.733291085671893,0.03953700140118599,5.143366665491547,0.7835020727040817,1.0,0.4771431397024159,0.49960789565267777,0.723872184753418,0.06993588686488744,1.1153080425650534,0.2038402521244257,4.1339583556926324e-05,2.5979554809519137e-05,1.3596,0.018614477040816327,0.5941485969387755,0.03366151147959184,0.0001992984693877551,0.00013950892857142856,0.0038066007653061226,0.00023915816326530612,0.04783163265306122,0.18534757653061223,0.1380341198979592,0.0
7248,0.25644585490226746,0.4892813563346863,0.19999601403061223,3.6765597598181277,0.04760380834341049,5.050067425210699,0.7439811862244898,1.0,0.46001821110709357,0.4839014293797052,0.8637390732765198,0.015373933624026599,1.1712324758355839,0.23098931745823686,0.0001221565881586379,0.00013046902266772195,0.8129,0.12185108418367346,0.5661272321428571,0.030432876275510203,0.001793686224489796,0.0,0.0,0.015605070153061224,0.006377551020408163,0.2537866709183674,0.010423309948979591,0.0
7274,0.2476135790348053,0.46088242530822754,0.19997608418367346,4.381865177944241,0.044061318039894104,5.027256694472257,0.6418207908163265,1.0,0.4698614159843108,0.4859349561344634,0.8264378905296326,0.08755820704379631,1.228496293867196,0.2238004328921791,0.00030594260847892005,0.00038372602456099964,1.1173,0.002610809948979592,0.5395607461734694,0.02867904974489796,0.0,0.001096141581632653,0.018793845663265307,3.985969387755102e-05,0.02588887117346939,0.3275669642857143,0.08932557397959184,0.0
7279,0.24576447904109955,0.4560686945915222,0.19993622448979592,4.020982349309816,0.0427585244178772,5.144996303839912,0.634765625,0.990909090909091,0.49100914460299466,0.45489943752595896,0.8653264045715332,0.10409637770761593,1.2299236814616499,0.22816838860049568,0.0002357376393255584,7.064246489888707e-05,1.1626,0.0032286352040816328,0.4833984375,0.05123963647959184,0.004324776785714286,0.012834821428571428,0.05389030612244898,5.978954081632653e-05,0.014807876275510204,0.35817920918367346,0.035275829081632654,0.0
7294,0.6780068278312683,0.5335151553153992,0.19999601403061223,4.661708612014227,0.043036527931690216,5.072480386504,0.9611367984693877,1.0,0.498854143207272,0.4998892546100674,0.7533674240112305,0.009024524830645921,0.9983425185603045,0.16697771943758144,9.957588395888188e-08,1.2230841951105333e-07,1.1042,0.004524075255102041,0.29653619260204084,0.452327806122449,0.1725127551020408,0.0,0.0,0.0,0.007453762755102041,0.004205197704081632,0.08229033801020408,1.0
7295,0.2880464792251587,0.4217146635055542,0.19971699617346939,3.9980782512399946,0.036669857800006866,5.278163838086039,0.7329201211734694,1.0,0.4868723573542906,0.4864530093008935,0.8564846515655518,0.02018541662900703,1.0207154236388214,0.1926325535569799,0.00017418512093865654,3.9130674995661226e-05,1.2042,0.2770846619897959,0.2057158801020408,0.11017219387755102,0.13857222576530612,0.0,0.0,0.00932716836734694,0.001096141581632653,0.25803172831632654,0.0006776147959183673,1.0
7309,0.16054126620292664,0.598419189453125,0.19971699617346939,3.5703847991744024,0.04617927968502045,5.116487914646332,0.33071588010204084,1.004566210045662,0.5985671518853592,0.4815544653613522,0.8324532508850098,0.02408549981950208,1.0616225598882012,0.25822237645502316,0.009339661203537046,0.0020538984292718843,1.137,0.0010363520408163266,0.31871811224489793,0.012436224489795918,5.978954081632653e-05,1.992984693877551e-05,0.0,0.0,0.00029894770408163266,0.6641222895408163,0.012436224489795918,0.0
7312,0.1909727305173874,0.6492665410041809,0.19989636479591838,4.449089492173322,0.04186433553695679,5.309025697533617,0.41824776785714285,1.0,0.4392287576727427,0.43858002281256053,0.7790874242782593,0.06653235149671764,1.2202708363032642,0.374630101495453,0.0012825881394562836,0.002100104940581787,1.5329,0.013930963010204082,0.06303810586734694,0.0568000637755102,0.3266701211734694,0.0,5.978954081632653e-05,0.0016940369897959183,0.24866470025510204,0.2881656568877551,0.002072704081632653,1.0
7317,0.30860430002212524,0.5640021562576294,0.19997608418367346,4.368015561353304,0.04241608828306198,5.002402915374831,0.6343670280612245,1.0,0.4276588490706655,0.5296251526819187,0.8279494643211365,0.03235649941771343,0.8528435902508062,0.26604616640484646,0.0015443987802661089,0.0011000359831043083,1.2941,0.0011957908163265306,0.06536989795918367,0.1474609375,0.42849170918367346,0.0,0.00023915816326530612,0.0,0.05367107780612245,0.2890625,0.02774234693877551,1.0
7320,0.34846049547195435,0.36910492181777954,0.19983657525510204,4.438113053454268,0.035861872136592865,5.270042795621815,0.8459223533163265,1.0,0.4766657140578126,0.5197031029868778,0.8024131059646606,0.04193425644429674,0.9433633997623273,0.19426433330887538,3.647064641126954e-05,5.906901518976125e-06,0.9627,0.027483258928571428,0.5772680165816326,0.020926339285714284,0.017239317602040817,0.0,0.0001793686224489796,0.00015943877551020407,0.005341198979591837,0.13060028698979592,0.2683155293367347,1.0
7324,0.515630304813385,0.4697630703449249,0.19991629464285715,4.216710506596315,0.04511911794543266,4.949184727712414,0.9513512436224489,1.0,0.4985875402363854,0.4989757071575557,0.8311437368392944,0.04215675043732859,0.9964450021284766,0.16877521542236204,2.1248500870674756e-06,7.994971321847183e-07,1.1805,0.0,0.1204360650510204,0.5816525829081632,0.24609375,0.0,0.0,0.0,0.001175860969387755,0.03077168367346939,0.05337213010204082,1.0
7375,0.27048298716545105,0.5344433784484863,0.19991629464285715,4.5907328170113715,0.045491158962249756,4.93432601202431,0.6761200573979592,1.0,0.49421428831073555,0.506349207398277,0.8173494338989258,0.05336058739781539,0.9328281686902957,0.22296238395151263,5.707711945406431e-07,8.242387711191734e-05,1.3756,0.07559390943877552,0.18791852678571427,0.06778140943877552,0.28404017857142855,0.0014349489795918368,0.0026705994897959183,0.01877391581632653,0.054767219387755105,0.2815090880102041,0.03999920280612245,1.0
7417,0.46859559416770935,0.5620917677879333,0.19997608418367346,4.000592158285206,0.037946917116642,5.183718252060986,0.9601203762755102,1.0,0.49870515985953673,0.5000464022004975,0.8705829381942749,0.06197605414892948,1.0023691757515119,0.16731982313178265,5.978772473909873e-08,1.0700995143764882e-07,1.5396,0.02596859056122449,0.9559948979591837,0.0,0.0,0.0,0.0,0.0,0.00506218112244898,0.010004783163265306,0.009267378826530613,0.0
7456,0.29808035492897034,0.6493683457374573,0.19997608418367346,4.599368668303425,0.08694140613079071,4.553529375889356,0.6434749681122449,1.0138248847926268,0.5140597897139181,0.6376049114437623,0.8165631294250488,0.009348677847045687,0.41827367212578526,0.20025272461550656,0.0026863982518306635,0.0008729973292005306,1.6207,0.06349649234693877,0.30887276785714285,0.2716039540816326,3.985969387755102e-05,0.0,0.0,0.0,0.18068399234693877,0.16370376275510204,0.023278061224489797,0.0
7458,0.32424649596214294,0.5342230796813965,0.19999601403061223,3.5171252226827505,0.08541443198919296,4.35018175257496,0.8588568239795918,1.0,0.5024341407385378,0.4919619869464624,0.8561246395111084,0.29108640745615877,1.0559133622428538,0.18695681815140003,4.588620986899059e-06,4.014120746975751e-06,1.1515,0.026526626275510203,0.28372130102040816,0.4745296556122449,0.0,0.0,0.0012555803571428572,0.013990752551020409,0.054408482142857144,0.08422353316326531,0.08731265943877552,0.0
7486,0.057505976408720016,0.7076355218887329,0.19949776785714285,4.281475643879851,0.03612523525953293,5.194747420160353,0.07079081632653061,0.7592592592592593,0.7253401102896618,0.6471399931321457,0.779411792755127,0.06389965805806024,0.5108465005184305,2.176759575811929,2.4853310247333633,2.663580811525912,1.0349,0.00025908801020408165,0.017996651785714284,0.006696428571428571,0.0,0.0,0.04723373724489796,0.0002192283163265306,0.3670280612244898,0.5577367665816326,0.004862882653061225,0.0
7487,0.14983448386192322,0.4749240577220917,0.19993622448979592,4.358196572383969,0.038598574697971344,5.394467954228076,0.2549426020408163,0.990909090909091,0.4852216351587455,0.351691570123704,0.8145339488983154,0.021075007859971878,3.8090222914558223,0.4107005362335189,0.02047649372342524,0.01877055072690529,1.2043,0.0036073022959183672,0.15058992346938777,0.028738839285714284,0.0030293367346938774,0.03497688137755102,0.05650111607142857,0.00011957908163265306,0.024453922193877552,0.6837731186224489,0.024254623724489797,0.0
7505,0.5387545824050903,0.6538296341896057,0.19987643494897958,4.172525987017088,0.039268858730793,5.314180841252067,0.9262595663265306,1.0,0.4903948689269972,0.5095640278390466,0.8238590955734253,0.11949092827621266,0.9204958685928096,0.1753150201702697,2.7615267687481582e-05,4.698599413475947e-06,1.1088,0.002072704081632653,0.19806281887755103,0.7345543686224489,0.01211734693877551,1.992984693877551e-05,0.0,1.992984693877551e-05,0.005660076530612245,0.041095344387755105,0.01251594387755102,1.0
7513,0.14676928520202637,0.6065413355827332,0.1999561543367347,4.563213236173821,0.03403520584106445,5.29039022984709,0.2273796237244898,1.0232558139534884,0.6128286731386244,0.45496612500476574,0.8046424984931946,0.07707591240608529,1.5409799252291665,0.370281003451129,0.016845443445641303,0.03302349151044134,1.4259,0.007752710459183673,0.15915975765306123,0.05317283163265306,0.010901626275510204,0.0007971938775510204,0.006218112244897959,0.003248565051020408,0.1327327806122449,0.6213926977040817,0.011240433673469387,1.0
7516,0.20633864402770996,0.6039674878120422,0.19999601403061223,3.6413552298007357,0.05835646018385887,5.061416472909739,0.3293606505102041,0.9636363636363636,0.5554229264499099,0.46089922714526754,0.738257646560669,0.15569358559025143,1.4787760431805412,0.2950430577884313,0.004146605380874381,0.0009419661646504711,1.3599,0.01313376913265306,0.13592155612244897,0.02285953443877551,0.03218670280612245,0.0016541772959183674,0.0006377551020408163,0.0019331951530612245,0.5464963329081632,0.11902104591836735,0.16081393494897958,1.0
7536,0.44403597712516785,0.729156494140625,0.19989636479591838,4.244961549971572,0.05512697249650955,4.874071438178188,0.9243064413265306,1.0,0.49883923237919947,0.49393606486143204,0.8133677244186401,0.05827436957825093,1.0386830186072005,0.17132091563348179,1.903178691095027e-05,7.848573267333757e-06,1.3758,0.0005381058673469387,0.9391741071428571,0.0,0.0,0.0,0.0,0.0,0.0506218112244898,0.005500637755102041,0.009506536989795918,0.0
7540,0.3484114110469818,0.6884143352508545,0.19999601403061223,4.328898374235493,0.0636383593082428,4.913389566050709,0.6034757653061225,1.0,0.4869469406614498,0.6213066684043101,0.7339970469474792,0.0049095094547643115,0.4653503742805312,0.20814642954700588,0.002987360675111065,0.0011886253582698552,1.5171,0.0003587372448979592,0.5099848533163265,0.05508609693877551,0.004065688775510204,0.0,0.0,0.0,0.3633410395408163,0.025370695153061226,0.06335698341836735,0.0
7544,0.20662586390972137,0.5474870800971985,0.19993622448979592,3.800422667046329,0.044798266142606735,5.134970478659105,0.5416733099489796,1.0,0.4521220138800779,0.501619144429795,0.8697096109390259,0.0016343055024755668,0.8656644723848227,0.34081497843992725,0.0035883185649188804,0.0011765436794664368,1.0231,0.07140864158163265,0.10809948979591837,0.3731066645408163,0.0,0.0,0.0001992984693877551,0.007114955357142857,0.01971061862244898,0.41476004464285715,0.011559311224489796,0.0
7545,0.17007139325141907,0.4384929835796356,0.19993622448979592,4.595950439613738,0.03714629262685776,5.311606117490982,0.35776068239795916,1.0,0.49933288750917104,0.5064391781014236,0.7803182005882263,0.03810222922610001,0.9795985890073121,0.45042860300623483,0.002616251752192002,0.005876617167096168,1.5321,0.00936702806122449,0.2856345663265306,0.006138392857142857,0.0004982461734693878,0.0,0.004763233418367347,0.0,0.05990911989795918,0.5675621811224489,0.09935028698979592,0.0
7571,0.1691851168870926,0.6396029591560364,0.19999601403061223,4.701009079221873,0.0454285591840744,5.006573059246817,0.3714126275510204,1.0,0.5551163330147446,0.5828340345173092,0.7540633678436279,0.062233357681448886,0.5789206223536724,0.38395173178697645,0.013282114089913912,0.02349212753112543,1.2192,0.01323341836734694,0.18024553571428573,0.02184311224489796,0.13909040178571427,1.992984693877551e-05,1.992984693877551e-05,3.985969387755102e-05,0.3052256058673469,0.3169044961734694,0.027782206632653062,1.0
7575,0.3549826443195343,0.5260929465293884,0.19987643494897958,4.2100186716681325,0.040455035865306854,5.087262340202166,0.6356425382653061,1.0,0.43262702320269975,0.4946604236398541,0.8246098160743713,0.03027999271009019,1.0080589308051486,0.2930050195574901,0.0006411232283058476,0.0002489355551805472,1.5736,0.003567442602040816,0.04257015306122449,0.24679129464285715,0.3397839604591837,0.007294323979591837,0.0021324936224489796,3.985969387755102e-05,0.006337691326530612,0.34024234693877553,0.024972098214285716,1.0
7585,0.47882407903671265,0.4491325616836548,0.1999561543367347,4.353376577438076,0.04539205878973007,5.147054816292114,0.9105947066326531,1.0,0.49558714558140404,0.4960778771345596,0.7033991813659668,0.1076626546412233,1.0700434932234273,0.18401609277886788,3.0773725946064636e-06,4.721457142357521e-07,0.8495,1.992984693877551e-05,0.24011479591836735,0.3097297512755102,0.24565529336734693,0.0,3.985969387755102e-05,0.0,0.018893494897959183,0.03744818239795918,0.19852120535714285,1.0
7596,0.16449040174484253,0.6572607159614563,0.1992984693877551,4.130737171453804,0.05490811914205551,4.95512768235469,0.255062181122449,1.0,0.695681850513358,0.43640542209159644,0.8361968398094177,0.07832653083680957,2.0276791441154143,0.48424847825640316,0.029633769220921476,0.009847105614870027,1.5421,0.010184151785714286,0.25490274234693877,0.00045838647959183676,0.0,0.0,5.978954081632653e-05,1.992984693877551e-05,0.09745695153061225,0.6326929209183674,0.00643734056122449,0.0
7597,0.13568943738937378,0.6180151104927063,0.19975685586734693,4.528832193642183,0.04695126414299011,4.99402877466163,0.2556202168367347,1.0,0.6838474119623886,0.5057079964394073,0.751926839351654,0.010741761900841452,0.9738381050420892,0.3148253374605209,0.025878315040152693,0.009800698458361087,1.564,0.024533641581632654,0.21556122448979592,0.00033880739795918367,0.0,0.0,0.0,3.985969387755102e-05,0.20021524234693877,0.5426498724489796,0.027622767857142856,0.0
7603,0.2709365487098694,0.26516303420066833,0.19997608418367346,4.049153638684191,0.03559290990233421,5.299767131519101,0.5948860012755102,1.0,0.4353979304201852,0.5130685436577861,0.8635162115097046,0.06957999494373106,1.0236610165467068,0.27540747648845787,0.00011372192470980258,5.99413490633698e-06,1.4,0.06788105867346939,0.12715242346938777,0.01411033163265306,0.017159598214285716,0.0003786670918367347,0.05279416454081633,0.03294403698979592,0.00408561862244898,0.38229432397959184,0.37047592474489793,1.0
7605,0.10979478061199188,0.7035421133041382,0.19991629464285715,4.003770847314779,0.04750453680753708,4.941310737449043,0.17323022959183673,1.0,0.6738065413482631,0.47818518755455763,0.751753032207489,0.03753281917310508,1.5670407140404092,0.46681559404552525,0.03825349022619538,0.049498609743965825,1.4094,0.0194515306122449,0.15122767857142858,0.0016741071428571428,0.00011957908163265306,0.0,0.00029894770408163266,0.003946109693877551,0.5633171237244898,0.25394610969387754,0.011220503826530613,0.0
7606,0.10285239666700363,0.5613082647323608,0.19949776785714285,4.293785137680423,0.04622100293636322,4.903532206201321,0.18999123086734693,1.0328638497652582,0.4682173182699323,0.4563016644095399,0.8262262940406799,0.07726226565558766,1.717502799313825,0.40134561200050645,0.02257124249208041,0.014584618382253183,0.882,0.0002192283163265306,0.16677295918367346,0.012794961734693877,0.00025908801020408165,0.0,0.0,0.0,0.14568718112244897,0.6622090242346939,0.01935188137755102,0.0
7681,0.17241060733795166,0.6482370495796204,0.19997608418367346,3.012760326372341,0.10421232134103775,4.447449534979308,0.24742904974489796,0.9858490566037735,0.6600651244606824,0.489737750334562,0.9075260162353516,0.09781392665878899,1.190753476644392,0.2570502422866269,0.008308155913962709,0.009352893211448787,1.5225,0.0007772640306122449,0.18415178571428573,0.04587850765306122,3.985969387755102e-05,0.0,0.00013950892857142856,0.0,0.025849011479591837,0.7398955676020408,0.004922672193877551,0.0
7688,0.23080554604530334,0.4053584933280945,0.19997608418367346,4.477283214300766,0.053061593323946,5.000430271442059,0.5530731823979592,1.0679611650485437,0.4237095322222461,0.4014413571813273,0.8488768935203552,0.22460924338619453,2.0694613130951827,0.22238215184342802,0.0038795642462431637,0.0016933805478693683,1.0184,0.008290816326530613,0.09669961734693877,0.00922751913265306,0.4221340880102041,1.992984693877551e-05,0.0,0.00027901785714285713,0.09640066964285714,0.34267378826530615,0.11660953443877552,1.0
7723,0.3372422456741333,0.6097670793533325,0.19973692602040816,3.219797899629304,0.07288114726543427,4.9410483225632165,0.7116350446428571,1.0,0.4298075731215984,0.4782676293766619,0.8861818313598633,0.1445210552675777,1.050241156832539,0.22205608519199108,0.00031818421103075624,0.000903081105751642,1.3879,0.0020129145408163264,0.11080994897959184,0.01309390943877551,0.6036152742346939,3.985969387755102e-05,0.0010762117346938774,3.985969387755102e-05,0.05113998724489796,0.20842633928571427,0.011639030612244899,1.0
7729,0.12479086965322495,0.6001354455947876,0.19969706632653061,4.403393165679905,0.03739146888256073,5.378159275572331,0.15678810586734693,0.8909090909090909,0.5459320622387551,0.5039806970252648,0.7760627269744873,0.028542507471841692,0.9633142024466516,0.8920896712572586,0.03229423568718116,0.2271146621078204,0.6827,0.01287468112244898,0.12218989158163265,0.0013751594387755102,0.0,0.0,5.978954081632653e-05,3.985969387755102e-05,0.11862244897959184,0.7139867665816326,0.038185586734693876,0.0
7743,0.34336191415786743,0.4514170289039612,0.19977678571428573,4.287750479634801,0.03810705617070198,5.220042398350152,0.7535076530612245,1.0,0.4799888129591289,0.5208741737815235,0.7984626293182373,0.09618160885879823,0.8903054861017029,0.20169527516282448,0.000993577657897837,0.00012025520098374169,1.4303,0.0008769132653061224,0.0774673150510204,0.4714205994897959,0.18271683673469388,0.0027503188775510204,0.007772640306122449,0.00013950892857142856,0.06399473852040816,0.17867107780612246,0.02654655612244898,1.0
7751,0.23610617220401764,0.43676429986953735,0.19997608418367346,4.089712547616575,0.046671025454998016,4.8606581854932305,0.5774473852040817,1.0,0.45140826737811324,0.5143963924978665,0.8447803854942322,0.09131111576843505,0.9396170849610971,0.29964363706910546,0.0010001898475726196,0.0002875650263042028,1.47,0.16954320790816327,0.2002750318877551,0.007095025510204082,0.036431760204081634,0.03346221301020408,0.06562898596938775,0.06295838647959184,0.00568000637755102,0.40856186224489793,0.02281967474489796,1.0
7770,0.21441788971424103,0.4441308379173279,0.1999561543367347,4.620112874086291,0.05840928107500076,4.696221550194139,0.5235770089285714,1.0,0.5119442349174259,0.47852881478716236,0.7647343277931213,0.005508839987698038,1.213413088420164,0.31060308917657,0.0018344521620267842,0.001524404638073359,1.5704,0.0038863201530612247,0.2363879145408163,0.009068080357142858,0.0007971938775510204,0.00047831632653061223,0.14764030612244897,0.00023915816326530612,0.033282844387755105,0.4317004145408163,0.1814014668367347,0.0
7778,0.16291064023971558,0.6540372967720032,0.19999601403061223,4.257321536338491,0.04524824768304825,5.158407568766443,0.2517139668367347,1.0046948356807512,0.5089739356433007,0.430764533160068,0.8306775689125061,0.07289923360645766,3.139626176076888,0.43607671204205767,0.03598645453852914,0.009400361512810687,0.9856,0.006497130102040816,0.17930883290816327,0.0004982461734693878,0.0,0.0,0.030412946428571428,7.971938775510203e-05,0.33970424107142855,0.40351961096938777,0.052415497448979595,0.0
7780,0.6302567720413208,0.34659281373023987,0.1999561543367347,4.433860122512234,0.05836910754442215,5.016306522274471,0.8500478316326531,1.0,0.4542306933703528,0.4703350591227618,0.6776472926139832,0.002591641952638167,1.1994636937891165,0.17552270108342977,0.0006231101520843071,0.00016289289803169706,1.5498,0.000896843112244898,0.5513392857142857,0.044642857142857144,0.0,0.0,0.0,0.0,0.024135044642857144,0.10052614795918367,0.41531808035714285,0.0
7788,0.28689274191856384,0.38942086696624756,0.1998565051020408,3.8322097933750925,0.054303910583257675,5.093144672671692,0.7576132015306123,1.0,0.44295363450001074,0.501591931790058,0.8444205522537231,0.0073534250070365,0.99758276408862,0.19986564141109087,0.00046105871027754845,7.761061644606708e-05,1.3455,0.03411989795918367,0.09783561862244898,0.03314333545918367,0.5539500956632653,0.0,0.0002192283163265306,0.0033482142857142855,0.0205078125,0.20856584821428573,0.06662547831632654,1.0
7792,0.2180676907300949,0.45212554931640625,0.19999601403061223,4.762114205580596,0.0441812202334404,5.311419033040232,0.41310586734693877,1.0,0.5266230726228944,0.41134065314048457,0.8064706921577454,0.018367735531601564,1.7454304388061475,0.28821242296704774,0.0009357982735698773,0.007847364611574705,1.3829,0.0004384566326530612,0.3067203443877551,0.08920599489795919,0.004464285714285714,0.0,0.0,0.0,0.07477678571428571,0.4453125,0.1314971301020408,0.0
7831,0.21430255472660065,0.41057470440864563,0.19975685586734693,3.692152078890471,0.05283026397228241,5.072187349929972,0.2833625637755102,0.9636363636363636,0.5678553113056336,0.41468245582716784,0.8886321783065796,0.017613072968232682,1.6412780678276346,0.25053434070720393,0.028637365515674612,0.003787595327196648,1.6619,0.0003587372448979592,0.0007374043367346938,1.992984693877551e-05,1.992984693877551e-05,0.0320671237244898,0.16505899234693877,0.0,0.00031887755102040814,0.7098214285714286,0.1075015943877551,0.0
7842,0.45600393414497375,0.6310089826583862,0.19999601403061223,4.359998894867819,0.0403718501329422,5.26303813243508,0.9567721619897959,1.0,0.5004898855837634,0.5015264496648051,0.7353153824806213,0.0256560991295163,0.983760330746868,0.1686109379933225,3.4700108784843217e-09,1.8970981715878308e-08,1.1649,0.0024314413265306123,0.6951929209183674,0.011439732142857142,0.004384566326530612,0.10507015306122448,0.03593351403061224,0.00023915816326530612,0.003208705357142857,0.022620376275510203,0.13982780612244897,0.0
8139,0.6380832195281982,0.37437617778778076,0.19921875,4.051764757196258,0.04518517851829529,5.036186829926473,0.8570232780612245,1.0,0.47712318313278995,0.4855864457654801,0.8108839988708496,0.039839222345146995,1.0604695728236413,0.17547177309568263,0.0004960455992642932,0.00011263609809552908,1.2393,0.23042889030612246,0.1683673469387755,0.03762755102040816,0.00013950892857142856,1.992984693877551e-05,0.09251434948979592,0.002291932397959184,0.0001793686224489796,0.12527901785714285,0.38179607780612246,0.0
8391,0.04268035665154457,0.6136160492897034,0.1998565051020408,3.8630368079787414,0.03895381838083267,5.1355686941828225,0.043626434948979595,1.046875,0.5577561677117753,0.5701499753148129,0.8518485426902771,0.044348174466185684,1.0592662136700775,3.8818525723265855,3.3544450565279216,23.742077232612164,1.5984,0.0059590242346938774,0.017956792091836735,0.0,0.0,1.992984693877551e-05,0.009267378826530613,1.992984693877551e-05,0.14606584821428573,0.8052056760204082,0.018494897959183673,0.0
8492,0.15785956382751465,0.5981078743934631,0.19880022321428573,3.371896651202821,0.13252012431621552,4.225956264164326,0.10634566326530612,1.0637254901960784,0.6247041837825482,0.6932503479202102,0.904951810836792,0.025707414415066368,0.21687575746184948,0.9086214982083859,0.3801751506709661,0.40419102502568294,1.3258,0.0003985969387755102,0.06863839285714286,0.004384566326530612,7.971938775510203e-05,0.0012755102040816326,0.004862882653061225,0.0,0.07938058035714286,0.8010602678571429,0.04494180484693878,0.0
8528,0.2810557186603546,0.3692592680454254,0.19977678571428573,4.231765816389212,0.07944037765264511,4.819988367596288,0.6249601403061225,1.0,0.5215567822716798,0.4437930315520145,0.7688168883323669,0.099136363790034,1.4127106175624498,0.2760213384041472,0.007375332668095191,0.0013410703740355232,1.3624,0.00027901785714285713,0.2748525191326531,0.010064572704081632,0.00015943877551020407,0.08840880102040816,0.1641222895408163,0.0,0.046177455357142856,0.2911352040816326,0.17534279336734693,0.0
8637,0.1379276067018509,0.52296382188797,0.19997608418367346,3.9807121468261912,0.047086380422115326,4.885405535516766,0.28324298469387754,1.0185185185185186,0.6180181214889456,0.7300885123289989,0.8786056637763977,0.1289801337731179,0.16798160821308136,0.4062034435609444,0.019767735754881104,0.05743506495492623,1.5665,0.0015744579081632653,0.20733019770408162,0.03158880739795918,0.022441007653061226,0.00031887755102040814,0.00033880739795918367,1.992984693877551e-05,0.0027104591836734694,0.7065130739795918,0.03653140943877551,1.0
8652,0.13420775532722473,0.3383191227912903,0.19999601403061223,3.3556956574459518,0.06486263871192932,4.915721506706866,0.13038105867346939,0.9818181818181818,0.4360736352756182,0.4941077521856017,0.893095850944519,0.13729954189074658,0.9337865848689393,1.112182701282733,0.3696268778158115,0.09561159251651871,1.319,0.003966039540816327,0.06744260204081633,0.04944595025510204,0.0047831632653061226,0.0,0.022022480867346938,0.003527582908163265,0.01783721301020408,0.8281847895408163,0.002889827806122449,0.0
8662,0.3208582103252411,0.4382585287094116,0.19999601403061223,4.254242627225233,0.041753724217414856,5.2763429577716945,0.6297831632653061,1.0,0.48593077709031046,0.4882760969518079,0.8346391916275024,0.05952888311889246,1.1247982765391749,0.2766192630709424,0.004872245892395692,8.307259996952877e-06,1.2541,0.01624282525510204,0.10909598214285714,0.22785794005102042,0.2713647959183674,0.0,0.0008370535714285714,0.001634247448979592,0.00922751913265306,0.325374681122449,0.06515066964285714,1.0
8664,0.23665398359298706,0.5703345537185669,0.1999561543367347,4.6224549446002285,0.037056371569633484,5.206277753964613,0.5217036033163265,1.0,0.4768227542372373,0.47657281723540895,0.7973589301109314,0.03884702223440261,1.3145004351103566,0.26972697509554305,0.001557818142199394,0.0013095376643305155,1.6782,0.020746970663265307,0.42811304209183676,0.06341677295918367,1.992984693877551e-05,1.992984693877551e-05,0.0008769132653061224,0.000896843112244898,0.10241948341836735,0.36533402423469385,0.03166852678571429,0.0
8669,0.2284228652715683,0.5380069017410278,0.19977678571428573,2.758834053819382,0.056330837309360504,5.125206435863623,0.5231186224489796,1.0,0.4070425865459918,0.5739273066972089,0.9038047790527344,0.05920466401413309,0.5356892181421886,0.29788439487287377,2.471540750852513e-05,0.0013858787803342747,1.381,0.004145408163265306,0.5326849489795918,0.010522959183673469,0.0,0.0,1.992984693877551e-05,0.00013950892857142856,0.018494897959183673,0.41757015306122447,0.0225406568877551,0.0
8676,0.4464479088783264,0.5513623356819153,0.19989636479591838,4.766890763948609,0.03783538192510605,5.250453469252346,0.8794044961734694,1.0,0.46878380060722313,0.5124590505468819,0.7805699110031128,0.024654370516924883,0.9187285306948466,0.18217402578248376,0.00017163707962988695,2.5477825866396134e-05,1.341,0.014429209183673469,0.7954599808673469,0.01650191326530612,0.00047831632653061223,7.971938775510203e-05,0.0008769132653061224,0.0002192283163265306,0.02744339923469388,0.07372050382653061,0.09117904974489796,0.0
8677,0.3596837818622589,0.533198893070221,0.1999561543367347,4.692517312867031,0.042064350098371506,5.020106026598955,0.7682358099489796,1.0,0.47407724609907814,0.514139107566664,0.7337813377380371,0.04683631195244723,1.0767738796799187,0.2175708314282347,0.0005678426618208932,0.0001882236137169836,1.2465,0.004683514030612245,0.5889070471938775,0.03489716198979592,0.0001992984693877551,0.0,0.0,5.978954081632653e-05,0.04669563137755102,0.16778938137755103,0.18349410076530612,0.0
8696,0.16226257383823395,0.5438061356544495,0.1999561543367347,4.663930974883797,0.04129841923713684,5.159844897558672,0.2920519770408163,1.0091743119266054,0.5587464143003241,0.5862532521462176,0.7843235731124878,0.012509547423794155,0.47870838857534204,0.4334989596435059,0.050117567719283815,0.015572797301902856,1.6256,0.008031728316326531,0.026506696428571428,0.0349968112244898,0.00506218112244898,0.0009167729591836735,0.1744060905612245,0.0005181760204081633,0.09765625,0.5938695790816326,0.07993861607142858,0.0
8703,0.42223063111305237,0.484336256980896,0.19981664540816327,3.841646441345822,0.041232481598854065,5.153420600752348,0.9369021045918368,1.0,0.496242951838317,0.49401377247279704,0.8777595162391663,0.04735665325242404,1.0163850045418774,0.17177059826189744,5.824172877975399e-06,3.2327455089706607e-06,1.5097,0.00025908801020408165,0.5706513073979592,0.3818957270408163,0.00235172193877551,0.0,0.0,0.0,0.012137276785714286,0.02423469387755102,0.014229910714285714,0.0
8831,0.20605960488319397,0.641112208366394,0.1994579081632653,4.140366254245153,0.0723012387752533,4.735154242379139,0.5145886479591837,1.0,0.5201019128634597,0.6399556432424547,0.7161655426025391,0.02505139845385661,0.31299263525839854,0.28824575227314936,0.004207963245470349,0.0010630999174198763,1.1964,0.1275310905612245,0.20569595025510204,0.04195232780612245,0.14736128826530612,0.007653061224489796,0.007952008928571428,1.992984693877551e-05,0.24515704719387754,0.21665736607142858,3.985969387755102e-05,1.0
8834,0.08310950547456741,0.4222263693809509,0.19997608418367346,4.508569321114015,0.05220501869916916,4.870718459115322,0.3397241709183674,1.0,0.37941623536208274,0.4137998525751212,0.6944622993469238,0.024010118099732573,1.7649634725200265,0.4200050652991047,0.03937508846749706,0.012699114980952247,1.327,0.0021324936224489796,0.004603794642857143,0.010423309948979591,0.031230070153061226,0.00013950892857142856,0.008091517857142858,0.004344706632653061,0.12677375637755103,0.5138911033163265,0.30606265943877553,1.0
8865,0.3128018379211426,0.388759583234787,0.1999561543367347,4.00160460518117,0.05040976405143738,5.028606172672285,0.7888632015306123,1.0,0.5023609952705322,0.49104181295434146,0.8584989905357361,0.07787084993992978,1.052369593843281,0.22168988608286236,1.8113922442000877e-05,5.647233559760243e-05,1.5408,0.01975047831632653,0.6301817602040817,0.06196189413265306,0.04490194515306122,1.992984693877551e-05,0.004165338010204082,0.0003587372448979592,0.05297353316326531,0.14777981505102042,0.051458864795918366,1.0
8911,0.36678704619407654,0.4261995851993561,0.19973692602040816,4.368240346846813,0.04364003986120224,4.98899296269474,0.743781887755102,1.0,0.4763635555299218,0.5333597681426903,0.8009037971496582,0.16298505239455965,0.862833185305601,0.19317323425805544,0.0018926421808140126,4.269241899853459e-05,0.829,0.0,0.20635363520408162,0.43857621173469385,0.06030771683673469,0.0,0.0,0.0,0.024553571428571428,0.21653778698979592,0.08930564413265306,1.0
8928,0.3004174828529358,0.5437352657318115,0.19981664540816327,3.7511266128031657,0.05571068078279495,4.718412500741974,0.609992825255102,1.0,0.4260924806761137,0.5447653245007846,0.8826043009757996,0.11356790698716931,0.6288116701146148,0.2618883870757651,0.0010549845794168458,0.0009948784540526217,1.536,0.013452646683673469,0.04924665178571429,0.12153220663265306,0.38634008290816324,0.01363201530612245,0.03970025510204082,0.003128985969387755,0.009127869897959183,0.3628627232142857,0.0012755102040816326,1.0
8945,0.37444815039634705,0.5703297853469849,0.19959741709183673,4.533688435887711,0.051343344151973724,4.9001896671179015,0.7833824936224489,1.0,0.4931863823249,0.5302744487711485,0.8051872253417969,0.04845410159569664,0.8384079341724062,0.20563944465956197,0.0011530655705505764,0.00024249162564021897,1.4038,0.0007971938775510204,0.033900669642857144,0.12266820790816327,0.6319355867346939,0.0,0.00031887755102040814,9.964923469387755e-05,0.05315290178571429,0.14192044005102042,0.026227678571428572,1.0
8966,0.24604445695877075,0.49180492758750916,0.19965720663265307,4.0283262372899244,0.04696733132004738,4.954966676425448,0.4885403380102041,1.0,0.4296139012172364,0.557442111342403,0.8724035024642944,0.07825581018999565,0.7145555061629932,0.3445197743311419,0.0010440370629668913,0.00040188462694384355,1.3152,0.014170121173469387,0.19493383290816327,0.26486766581632654,0.013871173469387755,0.0,0.00665656887755102,0.0009167729591836735,0.015545280612244899,0.4801698022959184,0.013731664540816327,1.0
8971,0.17546291649341583,0.3428259789943695,0.19999601403061223,4.322275635652531,0.04609815031290054,4.922245855765155,0.4823421556122449,1.0,0.4403260598482948,0.4984832443525588,0.8193031549453735,0.06813071240975918,0.9142608575108941,0.3805612339330067,0.005013537955487518,0.0018612694743038848,1.4629,0.014548788265306123,0.07543447066326531,0.14204001913265307,0.027861926020408163,0.00011957908163265306,0.002152423469387755,0.0005779655612244898,0.012476084183673469,0.5029496173469388,0.2807716836734694,1.0
9019,0.344646692276001,0.5012378096580505,0.19993622448979592,4.119217359280527,0.041946157813072205,5.11550566311991,0.7772042410714286,1.0,0.5103684530867099,0.48261939431698264,0.8611239790916443,0.0171335617041718,1.0716638324490533,0.22263073314927642,6.880240401996162e-05,9.873273586085934e-05,1.412,0.0038863201530612247,0.2628148915816326,0.4945790816326531,0.04079639668367347,0.0,1.992984693877551e-05,0.0001793686224489796,0.02654655612244898,0.16282684948979592,0.013014190051020409,1.0
9020,0.7058454155921936,0.4902891516685486,0.19999601403061223,4.24252782748537,0.04702438414096832,5.001665369062226,0.8832310267857143,1.0,0.4871848163622641,0.5131520352098431,0.8027174472808838,0.0977680519291171,0.9168252604181176,0.18773082373140682,5.492766715609517e-05,1.675298693183686e-05,1.6221,0.0006576849489795918,0.04356664540816327,0.8027543048469388,0.05705915178571429,0.0022520727040816328,0.0013552295918367347,0.0,0.02285953443877551,0.06485172193877552,0.011698820153061224,1.0
9037,0.3032936155796051,0.5371990203857422,0.1999561543367347,4.68978740547499,0.03781983256340027,5.3144710272672295,0.6358816964285714,1.0,0.42575050196499303,0.4902231021113309,0.7373028993606567,0.12541996881457307,1.1404803411214472,0.2339216470635736,0.0010610450273839454,0.0001010465121994785,1.0725,0.00723453443877551,0.3030333227040816,0.05018335459183673,0.0476921237244898,0.004245057397959184,0.15294164540816327,0.0005978954081632653,0.0398796237244898,0.3129982461734694,0.10076530612244898,1.0
9053,0.3526532053947449,0.4784925878047943,0.19999601403061223,4.336689813533406,0.039500974118709564,5.155960647153185,0.7802335778061225,1.0,0.5108885484879144,0.5057106762516026,0.8176892399787903,0.08306276803942307,0.9786212476176843,0.20914628580736644,0.0001881460379636069,9.072336221057882e-05,1.3555,0.002730389030612245,0.40330038265306123,0.18712133290816327,0.1672313456632653,3.985969387755102e-05,7.971938775510203e-05,0.0,0.010901626275510204,0.2044403698979592,0.0664859693877551,1.0
9067,0.3046099841594696,0.39907312393188477,0.19997608418367346,4.211892614553305,0.03871925175189972,5.365032487167981,0.7014309630102041,1.0,0.4372159722545179,0.5177259050632065,0.8393330574035645,0.04484748913607475,0.8282167182534409,0.23707967252003953,0.0007320950371634825,0.0003754869911395755,1.0711,0.01943160076530612,0.20338408801020408,0.45641342474489793,0.01767777423469388,0.0,0.0018933354591836734,0.001175860969387755,0.023636798469387755,0.2428252551020408,0.07071109693877552,1.0
9069,0.4657043218612671,0.4967082738876343,0.19977678571428573,3.98298578417749,0.03807465732097626,5.302416996445479,0.9188257334183674,1.0,0.5020568586482461,0.5030766068840398,0.8599211573600769,0.01776873213782238,0.930934830680477,0.18036804901624032,5.316136699938003e-07,2.0094854241426175e-07,0.8084,0.0,0.06323740433673469,0.6802654655612245,0.19389748086734693,0.0,0.0,0.0,9.964923469387755e-05,0.051060267857142856,0.026526626275510203,1.0
9072,0.17988251149654388,0.658673882484436,0.19999601403061223,4.5642034856843345,0.04940962791442871,4.859458193335515,0.3752989477040816,0.990909090909091,0.5086160521971094,0.4755339742476924,0.675134539604187,0.0933354431532338,1.238321637966227,0.32554057218716675,0.007797354122405904,0.011283218488760759,1.6014,0.0001992984693877551,0.1854671556122449,0.18508848852040816,0.0030293367346938774,0.0,3.985969387755102e-05,0.0,0.35788026147959184,0.26576450892857145,0.0196109693877551,0.0
9086,0.49195438623428345,0.6026167869567871,0.19987643494897958,4.6136670898967935,0.040955476462841034,5.223636802504545,0.8520208864795918,1.0,0.5101844836608862,0.4854121892410038,0.7998251914978027,0.1222019425651357,1.072775756690522,0.18897860976230058,0.0001724566787679736,2.2937541178762577e-05,1.4208,5.978954081632653e-05,0.12934470663265307,0.5956433354591837,0.12097417091836735,7.971938775510203e-05,0.00011957908163265306,0.0,0.09109933035714286,0.0558235012755102,0.01887356505102041,1.0
9124,0.12431122362613678,0.4923924505710602,0.19866071428571427,3.6570565572812406,0.0477282889187336,5.0320627522906,0.16563695790816327,0.9681818181818181,0.6707928818740952,0.4566626001630558,0.8806328773498535,0.004971737097689261,1.0031332849394845,0.5913850408013306,0.169185255819392,0.030477028841552428,1.5455,0.0006178252551020409,0.037428252551020405,0.09279336734693877,0.031130420918367346,0.0,0.011698820153061224,0.002311862244897959,0.00047831632653061223,0.8126195790816326,0.01305404974489796,1.0
9133,0.3917747735977173,0.5125361680984497,0.1999561543367347,4.78784354291946,0.04530336707830429,4.956878111236793,0.8025550063775511,1.0,0.5098534107009286,0.4711303034180339,0.7334920167922974,0.1996393654230494,1.1710696547920016,0.20220882098533677,0.00013203907934672483,4.350605351361031e-06,0.6386,0.00013950892857142856,0.00011957908163265306,0.0680404974489796,0.14676339285714285,0.13044084821428573,0.3864596619897959,0.00015943877551020407,0.08795041454081633,0.10961415816326531,0.13564253826530612,1.0
9135,0.5029165744781494,0.33560240268707275,0.1997967155612245,4.1059056670131255,0.056515712291002274,5.01753737296079,0.8506656568877551,1.0,0.4753985187915206,0.5039469720934674,0.7692610025405884,0.025508244030074803,0.9345087027026131,0.18624214371455153,0.00018463980167574305,2.7745272027045813e-05,1.5736,0.0,0.003946109693877551,0.2422472895408163,0.4301857461734694,0.0006975446428571429,0.0007374043367346938,0.0,0.04278938137755102,0.07928093112244898,0.30873325892857145,1.0
9153,0.2857244908809662,0.5529896020889282,0.1998565051020408,4.639494907825396,0.039701543748378754,5.2014761331859845,0.5205277423469388,1.0,0.4624661376429911,0.5500440051824129,0.7970607280731201,0.05001059378822267,0.7006120637524706,0.2860797143386026,0.0009647077527528738,0.002853608704158971,1.6754,0.014907525510204082,0.09580277423469388,0.23361766581632654,0.14987244897959184,0.0003786670918367347,0.004603794642857143,0.00466358418367347,0.09420838647959184,0.3618861607142857,0.05885283801020408,1.0
9158,0.46892496943473816,0.3077547550201416,0.1999561543367347,3.936263022811031,0.050333887338638306,5.209451200273916,0.7172951211734694,1.0,0.4494802076204153,0.45622441983191364,0.8407588005065918,0.11218738307424915,1.2326923040708533,0.22659541249237936,0.0009106274811936635,0.0004300261169776263,1.6383,0.0015345982142857143,0.04771205357142857,0.11521444515306123,0.5221420599489796,0.00027901785714285713,0.004842952806122449,9.964923469387755e-05,0.009426817602040817,0.22082270408163265,0.25771285076530615,1.0
9160,0.17502525448799133,0.5783581137657166,0.19947783801020408,4.556738875546574,0.04575541988015175,4.983164402436307,0.3042091836734694,1.0,0.6440239233437686,0.5392550013631535,0.7860924005508423,0.07875310876620498,0.8023379442188517,0.36172330610333514,0.0015662286099502342,0.010494899437139616,1.3836,1.992984693877551e-05,0.03900271045918367,0.22921316964285715,0.03216677295918367,1.992984693877551e-05,0.013452646683673469,0.0,0.18048469387755103,0.5015345982142857,0.008709343112244899,1.0
9174,0.38463810086250305,0.5470221042633057,0.19975685586734693,3.2703012356449457,0.10370852798223495,4.594025669526281,0.8804607780612245,1.0,0.4988378648382705,0.4842343864923129,0.8289309144020081,0.12155664465935706,1.1203743686009349,0.1841455460674839,6.143742055537511e-05,3.723106508873247e-05,1.2038,0.0003587372448979592,0.07880261479591837,0.3001235650510204,0.010443239795918368,0.0018734056122448979,0.4879823022959184,3.985969387755102e-05,0.0013950892857142857,0.10401387117346939,0.037786989795918366,1.0
9187,0.22620876133441925,0.6810165047645569,0.19997608418367346,4.271685606000371,0.04938984289765358,4.989629150419082,0.3466796875,1.0,0.5838941399840426,0.5396749491181555,0.849381148815155,0.151975946572734,0.8844112261942273,0.3088540848988512,0.0010438297703663643,0.005492168620455901,1.491,0.0005978954081632653,0.11328125,0.2079480229591837,0.006756218112244898,0.0006178252551020409,0.02018893494897959,0.00045838647959183676,0.25534119897959184,0.3812779017857143,0.018395248724489797,0.0
9193,0.14244557917118073,0.6961789727210999,0.1998565051020408,4.405868160222435,0.0818081796169281,4.620174945119699,0.23614875637755103,0.75,0.7600955521402157,0.42751521670103665,0.6984710693359375,0.0743244994399977,1.5323786848550622,0.4212649321292507,0.06543249835163464,0.0018151023517523177,1.5686,0.0025111607142857145,0.03844467474489796,0.19280133928571427,0.0003786670918367347,0.0,0.00029894770408163266,0.0002192283163265306,0.4385961415816326,0.3095105229591837,0.020946269132653062,0.0
9203,0.2553277909755707,0.5541364550590515,0.19975685586734693,4.667521802591433,0.04390572011470795,5.009168551514057,0.5666454081632653,1.0,0.42531168695160637,0.5022391557797568,0.7159645557403564,0.07526844323479003,0.9447332430824437,0.28831282474531383,0.0003548319323570562,0.002459590492175547,1.6618,0.002730389030612245,0.17729591836734693,0.251155931122449,0.07545440051020408,0.0,0.07405931122448979,0.0003786670918367347,0.10650510204081633,0.29819036989795916,0.03258529974489796,1.0
9209,0.40348905324935913,0.42562049627304077,0.19989636479591838,4.6951811178192475,0.042054444551467896,5.0422247611653095,0.6717554209183674,1.0,0.5434921434860501,0.5029504666971243,0.7598797082901001,0.0982133391459258,0.9192574889110967,0.2546741744976545,0.0010965807311537723,2.9515128824328224e-05,1.4225,0.006098533163265306,0.04217155612244898,0.1741669323979592,0.2708067602040816,0.00045838647959183676,0.030951052295918366,0.00922751913265306,0.026028380102040817,0.2788584183673469,0.21241230867346939,1.0
9216,0.5178733468055725,0.569118082523346,0.19999601403061223,4.675942295757095,0.04157860577106476,5.107369195253715,0.8886918048469388,1.0,0.4940094790790596,0.51286385386341,0.8088915348052979,0.06048088582797943,0.9264267515642657,0.18343585169807886,0.00011350446100927525,1.3424749694418359e-05,1.5688,0.0069355867346938774,0.12559789540816327,0.46285076530612246,0.25693558673469385,0.0005580357142857143,0.012914540816326531,0.002232142857142857,0.003826530612244898,0.08117426658163265,0.06451291454081633,1.0
9225,0.15677045285701752,0.524635910987854,0.19987643494897958,4.152796149287976,0.03920552134513855,5.155129851799538,0.23951690051020408,0.9771689497716894,0.6349358622753464,0.5525198748961759,0.8661500215530396,0.0037832445368362637,0.810485093031862,0.3091670313973022,0.004262612294451634,0.001682538887873044,1.6196,0.0018734056122448979,0.04059709821428571,0.1835339604591837,0.0001793686224489796,0.00013950892857142856,0.020089285714285716,0.00047831632653061223,0.0021723533163265306,0.7425263073979592,0.010941485969387755,0.0
9226,0.5149689316749573,0.44241487979888916,0.19981664540816327,4.367945730642397,0.0581338033080101,4.665508821823211,0.7932278380102041,1.0,0.5301733748718259,0.5022006905881424,0.8003235459327698,0.16184212972645412,0.9591927152467503,0.2146994042144817,0.00015799938927378788,2.5051697174480264e-05,1.4176,3.985969387755102e-05,0.004404496173469388,0.16761001275510204,0.4486607142857143,0.0005381058673469387,0.11079001913265306,0.005600286989795918,0.03443877551020408,0.1641422193877551,0.07694913903061225,1.0
9232,0.19516430795192719,0.3592914640903473,0.19999601403061223,4.140096910358392,0.0419478677213192,5.138715679748017,0.328304368622449,1.0628019323671498,0.6002495182359828,0.37782031692572626,0.8338460326194763,0.08101772992131823,1.9379346824845634,0.3108937270718319,0.0014565380355162473,0.001432966667607693,1.6068,0.0007772640306122449,0.10096460459183673,0.09809470663265306,0.07208625637755102,0.005719866071428571,0.0005978954081632653,0.00013950892857142856,0.006058673469387755,0.6345264668367347,0.10389429209183673,1.0
9239,0.39318645000457764,0.41461309790611267,0.19999601403061223,4.655723408787259,0.03697195276618004,5.258657169676579,0.8992147640306123,1.0,0.5037111129243971,0.49647603542083085,0.7430241107940674,0.001761286692162974,1.03330328939364,0.1873739567327832,3.260610099836053e-06,2.7289843101237114e-08,1.3384,0.04065688775510204,0.24214764030612246,0.11987802933673469,0.23846061862244897,0.0,0.0,0.0,0.03866390306122449,0.05287388392857143,0.31100526147959184,1.0
9243,0.32267433404922485,0.5445797443389893,0.19983657525510204,4.182853488965437,0.03918330371379852,5.135439153297022,0.697265625,1.0,0.46522965368081887,0.5205187776584048,0.8413412570953369,0.0084790811586432,0.877233461973476,0.2399534077646132,5.899522325551468e-06,0.000416995040683993,1.3722,0.0008370535714285714,0.06646603954081633,0.07421875,0.5464365433673469,0.0057597257653061226,0.010283801020408163,0.0,0.03346221301020408,0.25354751275510207,0.012476084183673469,1.0
9286,0.38539624214172363,0.48363253474235535,0.19987643494897958,3.500846935943496,0.06367335468530655,4.998210045234695,0.7033442283163265,1.0,0.4639651390431865,0.49709252717921326,0.8848419189453125,0.12359166274467358,0.9716743956146338,0.24742676184028778,0.00014851700227628395,0.00015429479717393355,1.6573,0.036411830357142856,0.10226004464285714,0.07230548469387756,0.5017936862244898,0.0,0.005002391581632653,0.0006576849489795918,0.009426817602040817,0.24376195790816327,0.03326291454081633,1.0
9297,0.4300960600376129,0.3577161431312561,0.19989636479591838,4.449576179472082,0.04596768692135811,5.117929336975957,0.7233737244897959,1.0,0.48831357715485335,0.46916150811810414,0.8025968074798584,0.09231959980483245,1.2460396001406921,0.2412773379416566,0.00011426195181609184,0.0003539825590304028,1.4634,7.971938775510203e-05,0.011419802295918368,0.008948501275510204,0.460758131377551,0.007692920918367347,0.08284837372448979,0.0,0.0478515625,0.19136639030612246,0.2211017219387755,1.0
9335,0.30845949053764343,0.45712584257125854,0.19999601403061223,4.554830819276596,0.037964433431625366,5.267433316339979,0.6417012117346939,1.0,0.46901041398276416,0.5303206588605203,0.7202692031860352,0.04912102383456688,0.8455806510799453,0.2660619849158078,0.0002054755778449776,6.162110803462638e-05,1.5619,0.0017737563775510204,0.0074936224489795915,0.1778140943877551,0.32834422831632654,0.027861926020408163,0.045200892857142856,0.0005779655612244898,0.18152104591836735,0.15850207270408162,0.14411272321428573,1.0
9339,0.2537497878074646,0.5913949608802795,0.19997608418367346,4.625512472494497,0.04034532234072685,5.089566197672464,0.4850924744897959,1.0,0.5097366898681238,0.5678154397161291,0.727656364440918,0.12282713385188011,0.5634635219371962,0.28893648967966656,0.005111487911541018,0.004310139557185469,1.3947,3.985969387755102e-05,0.0005580357142857143,0.29446348852040816,0.02708466198979592,0.0,0.002272002551020408,0.0,0.26833545918367346,0.24182876275510204,0.1819794323979592,1.0
9342,0.22749102115631104,0.4422241449356079,0.19991629464285715,4.586764145207302,0.04114691913127899,5.118031119394761,0.43435108418367346,1.0,0.5332139795747461,0.47220961378681997,0.7979105710983276,0.06065340151333046,1.3331548995201905,0.3632878479823921,0.0012681378086462178,0.002628858235956117,1.23,0.00025908801020408165,0.0311702806122449,0.03037308673469388,0.14714205994897958,0.0038066007653061226,0.1475406568877551,9.964923469387755e-05,0.031329719387755105,0.4965720663265306,0.16507892219387754,1.0
9366,0.17688077688217163,0.4456164836883545,0.19989636479591838,4.458543500723739,0.05660188943147659,4.689893880997541,0.37699298469387754,1.0,0.618068837731505,0.47564592861335503,0.8118107914924622,0.06939359084912831,1.2895182676550057,0.30075443492649034,0.016058413413035925,0.001948354935411172,1.6102,0.0062380420918367345,0.11680883290816327,0.00705516581632653,0.0004185267857142857,0.0015545280612244898,0.16428172831632654,0.0,0.03884327168367347,0.5773875956632653,0.10901626275510204,0.0
9387,0.4577122926712036,0.5057129859924316,0.19999601403061223,4.797903066226949,0.038258522748947144,5.2277423170680475,0.7049984056122449,1.0,0.46747516163603225,0.537501638481406,0.7491728067398071,0.002106408171969554,0.7141057358979093,0.256034897593425,0.0006159963910090255,0.00025970836254432793,1.6571,0.0007174744897959184,0.024932238520408163,0.5470742984693877,0.03810586734693878,0.00013950892857142856,0.06483179209183673,0.00023915816326530612,0.11228475765306123,0.13699776785714285,0.11411830357142858,1.0
9401,0.25211867690086365,0.48452311754226685,0.19999601403061223,4.110895671097236,0.05064631998538971,4.906285077127028,0.7547034438775511,1.0,0.4819747946726438,0.5149859720407116,0.8459615111351013,0.03790186725040596,0.887172332717343,0.238427757930881,0.00017249754735750464,6.425082630731688e-05,1.2918,7.971938775510203e-05,0.2364875637755102,0.39223931760204084,0.0005779655612244898,0.01038345025510204,0.07118941326530612,0.0,0.03142936862244898,0.19447544642857142,0.06875797193877552,0.0
9413,0.35891789197921753,0.4582434594631195,0.19999601403061223,4.1904269809785175,0.04456328973174095,5.180033013807659,0.6850087691326531,1.0,0.4988244208898079,0.5554271753497481,0.8281728029251099,0.061767820798033286,0.7585571788474379,0.21300852310752283,0.0029613679861849565,0.0002916050979830404,1.2695,3.985969387755102e-05,0.03948102678571429,0.26120057397959184,0.05963010204081633,0.0204280931122449,0.3118423150510204,0.0,0.008649553571428572,0.26987005739795916,0.03940130739795918,1.0
9416,0.43651044368743896,0.43434053659439087,0.19999601403061223,4.278050169231855,0.04113683104515076,5.264282910127027,0.8014389349489796,1.0,0.5050131591874167,0.5253260691749171,0.8260012865066528,0.018257928670674755,0.7115556532183409,0.2141992780146717,0.00011650901736945615,9.32206190548125e-06,1.422,0.0956234056122449,0.3778101084183674,0.23134566326530612,0.09588249362244898,0.0,0.0001793686224489796,0.000896843112244898,0.015505420918367346,0.16286670918367346,0.02991470025510204,1.0
9434,0.4853471517562866,0.3475993275642395,0.19997608418367346,4.203881589183328,0.04089854657649994,5.168863448228866,0.8376913265306123,1.0,0.5043260868080864,0.5010089472722896,0.8436843156814575,0.083451526165653,0.9235732927176756,0.21108101925686795,2.793816526334952e-05,3.7811698003018974e-06,1.5625,0.0014349489795918368,0.078125,0.669563137755102,0.026307397959183673,0.0,0.0015744579081632653,0.002291932397959184,0.0038066007653061226,0.12420280612244898,0.20256696428571427,1.0
9438,0.3441234827041626,0.565663754940033,0.19989636479591838,4.4560108186328025,0.05038687586784363,4.748713208058151,0.6854073660714286,1.0,0.5073759390329595,0.47793451018901206,0.789563775062561,0.023574317630911945,1.0168308700315194,0.22799917452052296,0.00031664242292655116,0.00013860731346801216,1.2917,0.00045838647959183676,0.0274234693877551,0.3837890625,0.27957589285714285,0.0,0.0,9.964923469387755e-05,0.03248565051020408,0.268375318877551,0.018215880102040817,1.0
9511,0.45574951171875,0.6427778005599976,0.1991390306122449,4.294018358235759,0.04483609274029732,5.160747922653574,0.8762755102040817,1.0,0.49800017623905846,0.5209689802938623,0.8200703859329224,0.06789529567569658,0.8799384312519688,0.18470446332771095,2.9430124079125245e-06,9.490032822112811e-06,1.481,0.00839046556122449,0.06353635204081633,0.31309789540816324,0.36342075892857145,3.985969387755102e-05,0.05853396045918367,0.07822464923469388,0.032326211734693876,0.08179209183673469,0.002331792091836735,1.0
9531,0.29646602272987366,0.5744845271110535,0.19999601403061223,4.521061277026837,0.0483001172542572,4.996459031639631,0.6518255739795918,1.0,0.48584412454044307,0.4801126711435677,0.764761209487915,0.16434531237816782,1.0166481684439084,0.2633922523082797,0.0002845988462732368,0.0005495803623461486,1.5574,0.0009367028061224489,0.012555803571428572,0.054567920918367346,0.46211336096938777,0.0052614795918367345,0.041294642857142856,0.00763313137755102,0.06361607142857142,0.2531688456632653,0.12683354591836735,1.0
9550,0.39464622735977173,0.5674461126327515,0.19997608418367346,4.70460143643029,0.05219677463173866,4.770520269108335,0.8192960778061225,1.0,0.49564392247363376,0.5205921433633672,0.7571671009063721,0.19403477634034583,0.9140941482307614,0.1840453133103288,5.8335106436353854e-05,2.9747351506911716e-06,1.7,0.1558514030612245,0.49569515306122447,0.12107382015306123,0.0021723533163265306,0.0,0.0005978954081632653,0.02224170918367347,0.04739317602040816,0.1439532844387755,0.027941645408163265,0.0
9558,0.2127866894006729,0.540015459060669,0.19997608418367346,4.566725785829645,0.04005863517522812,5.239607737710987,0.37366470025510207,1.0,0.5716810726168475,0.48892102347102756,0.7676758170127869,0.1103020761550271,1.2421669384411815,0.26283023257948707,0.013691062064649566,0.00028404982494675335,1.316,0.023417570153061226,0.036790497448979595,0.20497847576530612,0.009347098214285714,0.0003985969387755102,0.011200573979591837,0.0019331951530612245,0.053631218112244895,0.5734016262755102,0.10925542091836735,0.0
9589,0.2724074125289917,0.4192264974117279,0.19993622448979592,4.02960481821993,0.05808693915605545,4.977997403974774,0.33595742984693877,0.926605504587156,0.6500864167086313,0.41504148188228546,0.8674508929252625,0.03480041145710403,1.9688270089715887,0.22057319407840043,0.00473857792226234,0.0022130437532521642,1.2755,0.009885204081632654,0.24709024234693877,0.04115513392857143,0.0,0.0,0.0015146683673469387,0.024852519132653062,0.0010762117346938774,0.6543566645408163,0.040896045918367346,0.0
9601,0.23846501111984253,0.36938753724098206,0.1996173469387755,4.160033106754146,0.0545007660984993,4.982990288603871,0.6402064732142857,1.0,0.579592957506803,0.5002069539601774,0.8392477035522461,0.012239289673334664,0.9346543011559824,0.2433668721532904,0.0005148432571980444,0.0017861703228302462,1.3376,0.014787946428571428,0.20860570790816327,0.04440369897959184,0.0006776147959183673,0.0042849170918367345,0.22118144132653061,0.0,0.017299107142857144,0.3106265943877551,0.2555404974489796,0.0
9619,0.2932018041610718,0.4694181978702545,0.19987643494897958,4.665129844059462,0.04508326202630997,5.056455776039455,0.7470304528061225,1.0,0.46099822352949477,0.48343757391243075,0.7359384298324585,0.06969554213770925,1.160029963686491,0.24227658011392078,0.00017631149136233283,1.3321606260682625e-05,1.5571,0.00835060586734694,0.022181919642857144,0.0015943877551020409,0.49081234056122447,0.008310746173469387,0.13283242984693877,0.005121970663265306,0.10827885841836735,0.13137755102040816,0.12462133290816327,1.0
9620,0.3921903073787689,0.6859458088874817,0.19953762755102042,4.473677051684774,0.03596918284893036,5.394222496158358,0.7515545280612245,1.0,0.4537111755633327,0.4759680022070724,0.7973134517669678,0.08148567647857909,1.231625040945077,0.2282467424133927,0.00014078209836553438,3.933924121368057e-05,1.0847,0.0,1.992984693877551e-05,0.004344706632653061,0.5942681760204082,0.02423469387755102,0.1513073979591837,0.0,0.1592594068877551,0.06110491071428571,0.01012436224489796,1.0
9626,0.21588706970214844,0.5217097997665405,0.19999601403061223,4.078281758720777,0.05810971558094025,4.960835383599572,0.32946029974489793,1.0,0.5595295481000094,0.3418629437341936,0.8637275099754333,0.02527740982762131,3.9747214124892847,0.3138274321828613,0.008309366229505961,0.023873714675416553,1.3837,0.06736288265306123,0.04781170280612245,0.0007772640306122449,0.0004384566326530612,0.008231026785714286,0.17315051020408162,0.018753985969387755,0.028439891581632654,0.630859375,0.03322305484693878,0.0
9655,0.18413881957530975,0.36830535531044006,0.1999561543367347,3.6503420871840406,0.06424226611852646,4.908799886635019,0.418765943877551,1.0,0.5670981092162583,0.7197697834848162,0.894614577293396,0.04602286523965385,0.1642932459501363,0.29507450663630586,0.01060834206872319,0.005954164691367844,1.0271,0.0001793686224489796,0.016302614795918366,0.08962452168367346,0.3047672193877551,0.0001793686224489796,0.001793686224489796,3.985969387755102e-05,0.008988360969387755,0.5484494579081632,0.04043765943877551,1.0
9656,0.39403724670410156,0.36465102434158325,0.19967713647959184,4.150756391977351,0.04591016843914986,4.994258042068764,0.6559510522959183,1.0,0.43526451513222997,0.4996490952707362,0.8252407312393188,0.00549844245778849,0.9865403188904374,0.26845681454152104,0.0001137852584144168,0.00011792166973739399,1.4,0.002152423469387755,0.009685905612244899,0.057497608418367346,0.4060108418367347,0.0018136160714285715,0.07308274872448979,7.971938775510203e-05,0.00029894770408163266,0.3103077168367347,0.1839325573979592,1.0
9657,0.5794945359230042,0.4014415442943573,0.19989636479591838,4.34737998172556,0.04096267372369766,5.110652061864055,0.9217952806122449,1.0,0.49333365392707296,0.5070800477322711,0.8104909062385559,0.11992735759516072,0.9655773238976653,0.17757664712026155,1.0789400765965647e-05,1.209978652361802e-06,1.2888,0.0005181760204081633,0.021364795918367346,0.3190369897959184,0.5189532844387755,1.992984693877551e-05,0.0,0.0,0.005241549744897959,0.04868861607142857,0.12653459821428573,1.0
9658,0.10802508145570755,0.6731897592544556,0.19999601403061223,4.222272878657179,0.040684327483177185,5.157582519621762,0.08242984693877552,0.9120370370370371,0.5725262596386536,0.24080478961931112,0.849288821220398,0.0970482607498162,8.378680609606821,1.2641348142044926,0.09382814724406702,0.9683855825033907,1.6228,1.992984693877551e-05,0.0001992984693877551,0.04332748724489796,0.02702487244897959,1.992984693877551e-05,0.02060746173469388,0.0003985969387755102,0.17916932397959184,0.728515625,0.0009167729591836735,1.0
9663,0.27418625354766846,0.6699671745300293,0.19977678571428573,4.086949955770598,0.05717978626489639,4.766761157517663,0.7053172831632653,1.0,0.4865192087653653,0.4979152226883782,0.8295823335647583,0.014840396677171842,0.9756601354383067,0.26314049898180936,0.0006678656709058584,1.3772071371454414e-05,1.178,0.10931521045918367,0.4238879145408163,0.14817841198979592,1.992984693877551e-05,0.0,0.00412547831632653,0.031110491071428572,0.10650510204081633,0.1700015943877551,0.013472576530612245,0.0
9667,0.2577562630176544,0.6479365825653076,0.19999601403061223,3.8584244884390553,0.04048173129558563,5.233873926380302,0.7777224170918368,1.0,0.4730749222402932,0.5020269177806947,0.7162810564041138,0.0534763701679685,1.0090094727007672,0.22999238404278813,6.756955141599142e-05,4.0571246559105105e-05,1.4733,0.010224011479591837,0.072265625,0.01584422831632653,0.0038066007653061226,0.001753826530612245,0.5913384885204082,0.0015545280612244898,0.001913265306122449,0.20754942602040816,0.12378427933673469,0.0
9679,0.41355156898498535,0.692177414894104,0.19997608418367346,4.591177075615788,0.04584783315658569,5.123436751818397,0.8587173150510204,1.0,0.4924810069854495,0.509421807020752,0.7156955003738403,0.09828920246174208,0.9520228338710873,0.199243474893407,2.8221928090404973e-05,6.5098842829810205e-06,1.1125,0.004544005102040816,0.09173708545918367,0.14174107142857142,0.024852519132653062,0.0019331951530612245,0.5318478954081632,0.00029894770408163266,0.06232063137755102,0.06499123086734694,0.10778061224489796,1.0
9693,0.2852030098438263,0.5520134568214417,0.19983657525510204,4.403100527975397,0.047488220036029816,5.0868960252514,0.6224689094387755,1.0,0.4838644419873828,0.5206917944527742,0.7859997153282166,0.038956888120894755,0.9050320234111355,0.29837301237526975,2.4911104093756803e-05,0.00040792233036486634,1.5519,0.01877391581632653,0.020268654336734693,0.09060108418367346,0.5084701849489796,0.0023716517857142855,0.0049824617346938774,0.0,0.030313297193877552,0.3085339604591837,0.019571109693877552,1.0
9696,0.5177716016769409,0.44788870215415955,0.19999601403061223,4.650095956672983,0.045276738703250885,5.015415974693603,0.7950613839285714,1.0,0.46701574694370224,0.513571449366967,0.7447919845581055,0.0122849238524611,0.9171031775095946,0.21849498172594845,0.00011825739942885569,2.5183604927496247e-05,1.6636,0.011579241071428572,0.043287627551020405,0.11690848214285714,0.4145607461734694,0.005719866071428571,0.007872289540816327,0.0009964923469387755,0.045599489795918366,0.13081951530612246,0.25575972576530615,1.0
9709,0.4582675099372864,0.4792429804801941,0.19987643494897958,4.635147884941865,0.04566541686654091,4.871821150703482,0.8061822385204082,1.0,0.5252796025263584,0.4984854066365851,0.7744897603988647,0.05684032610277735,0.9288098425453074,0.20892285948051825,0.0003407113911198359,1.8750801724562388e-05,1.0741,0.007254464285714286,0.05865353954081633,0.5369698660714286,0.14518893494897958,3.985969387755102e-05,0.0,0.0015345982142857143,0.05853396045918367,0.11104910714285714,0.10724250637755102,1.0
9731,0.41379308700561523,0.5680185556411743,0.19997608418367346,4.550157078924457,0.04373249411582947,5.1230796173660185,0.7337372448979592,1.0,0.5012717467351883,0.5417007715499014,0.7606256604194641,0.025136088002256182,0.7364399616131471,0.2337050203047365,0.0001688570850660754,0.00044159503274910896,1.2029,0.0012755102040816326,0.019571109693877552,0.4702248086734694,0.26405054209183676,0.0,0.00027901785714285713,0.0002192283163265306,0.061623086734693876,0.1717952806122449,0.015864158163265307,1.0
9733,0.19682833552360535,0.5729109048843384,0.19997608418367346,4.700619818282427,0.053532250225543976,4.810466698308849,0.36015226403061223,1.0,0.589832878930715,0.4792888439793907,0.6734298467636108,0.11261041153342982,0.9481457538819743,0.36200031973618546,0.003191825348976877,0.0024469769311183747,1.5182,0.0005779655612244898,0.03398038903061224,0.20137117346938777,0.01678093112244898,0.0,0.0,0.00011957908163265306,0.3707748724489796,0.2595264668367347,0.17243303571428573,1.0
9740,0.37551993131637573,0.4784020781517029,0.19999601403061223,4.589005921985812,0.03961311653256416,5.137311210026784,0.6382334183673469,1.0,0.5336192642513631,0.5223326059267209,0.8162866830825806,0.05597295812573326,0.8551732149423094,0.29545660996354717,0.00018635975843505313,0.00013360416956869245,1.3952,1.992984693877551e-05,0.17042012117346939,0.3400829081632653,0.08446269132653061,0.009347098214285714,0.0022122130102040817,3.985969387755102e-05,0.03246572066326531,0.2839405293367347,0.09293287627551021,1.0
9751,0.20145021378993988,0.6033157706260681,0.19987643494897958,4.07597701873163,0.04849792271852493,5.1419344737755965,0.41428172831632654,1.0,0.5918331157732465,0.47930849329986125,0.7729852795600891,0.0794563565670171,1.2380490891772442,0.3925980936090523,0.0027514073851604474,0.0031169630557158737,1.4596,0.004763233418367347,0.048748405612244895,0.29177295918367346,0.0016541772959183674,0.0,0.05446827168367347,0.02391581632653061,0.26436941964285715,0.3102877869897959,1.992984693877551e-05,0.0
9755,0.30440014600753784,0.4748727083206177,0.19999601403061223,4.181751569603942,0.05379669368267059,4.716087286889989,0.5866948341836735,1.0,0.5551133232206199,0.530077807367129,0.8346174359321594,0.014664124411046553,0.90094278863822,0.31976406923879863,3.706375101613556e-05,8.736646232911804e-05,1.5455,0.0004185267857142857,0.02383609693877551,0.2699497767857143,0.22839604591836735,0.0007573341836734694,0.047193877551020405,5.978954081632653e-05,0.009546396683673469,0.37892617984693877,0.07399952168367346,1.0
9759,0.35626980662345886,0.5748770833015442,0.19987643494897958,4.320438996823132,0.04844991862773895,4.837419944630065,0.6228675063775511,1.0,0.5062123542866342,0.6017155805957426,0.8275647759437561,0.04435846489369688,0.4439567612040347,0.2561418890727076,0.00074860824661437,0.0006806619094262391,1.4636,0.001096141581632653,0.06650589923469388,0.5559630102040817,0.001753826530612245,0.0,0.0006576849489795918,0.0012157206632653062,0.05395009566326531,0.3029934630102041,0.0205875318877551,0.0
9778,0.26077431440353394,0.586998462677002,0.1999561543367347,3.9079992080947457,0.0562099814414978,4.634782299066806,0.32399952168367346,1.0138248847926268,0.5991480455056132,0.41493791842961886,0.8715977072715759,0.005222198755297872,1.982935734569006,0.25061116076783907,0.013265720571725622,0.004851557919094557,1.3852,0.0013552295918367347,0.04259008290816327,0.2653858418367347,0.012615593112244899,1.992984693877551e-05,0.0019331951530612245,3.985969387755102e-05,0.0,0.6724529655612245,0.006377551020408163,1.0
9781,0.40943488478660583,0.4317828118801117,0.1997967155612245,3.9995880946802824,0.04702134430408478,4.96337359936523,0.9049744897959183,1.0,0.5111854808382079,0.49956665939823724,0.8464545011520386,0.017272597167136423,1.0126767429112034,0.17507708830012042,1.6747923152783926e-05,1.5098128531660782e-05,1.5147,0.0,0.008191167091836735,0.5913982780612245,0.30319276147959184,0.00033880739795918367,5.978954081632653e-05,0.0,0.01598373724489796,0.056740274234693876,0.029416454081632654,1.0
9784,0.5140053629875183,0.40773311257362366,0.19999601403061223,4.575692953591458,0.04001288488507271,5.082828790921344,0.9322983099489796,1.0,0.50283246756023,0.49770426095723264,0.7572658658027649,0.05085597386443651,1.0375903820267152,0.17195497047680974,8.443185208700757e-07,1.65425407906059e-06,1.6357,0.0010363520408163266,0.11878188775510204,0.7052574936224489,0.03226642219387755,0.0,0.0,0.0,0.037109375,0.03358179209183673,0.12388392857142858,1.0
9785,0.33457961678504944,0.38073334097862244,0.19999601403061223,4.052608676286508,0.04060587286949158,5.09026387818346,0.6609933035714286,1.0,0.5881375626722379,0.49930611310031964,0.8530570268630981,0.026960179054154012,1.0637172536876744,0.20127687608861916,0.00031561815868516455,0.0003127876138432499,1.2831,0.0004982461734693878,0.20685188137755103,0.39132254464285715,0.01287468112244898,3.985969387755102e-05,0.004623724489795918,0.0001793686224489796,0.004145408163265306,0.33822943239795916,0.0729233099489796,1.0
9786,0.30363646149635315,0.6631225943565369,0.19993622448979592,4.54540598231323,0.05405694991350174,5.133948060886384,0.4276745854591837,1.042654028436019,0.654461307693449,0.5010589596554657,0.6766757965087891,0.07203688737721055,1.1704258073473828,0.23313970632236938,0.006173307211550921,0.004001092770120714,1.2969,0.008310746173469387,0.18080357142857142,0.2081672512755102,0.001136001275510204,3.985969387755102e-05,0.0,0.0024513711734693877,0.4438376913265306,0.10903619260204081,0.052853954081632654,0.0
9787,0.2411968857049942,0.5051718950271606,0.19991629464285715,4.5777891925455245,0.04547803848981857,4.962640039213353,0.3719108737244898,0.9818181818181818,0.5380509890534514,0.4378542525201236,0.7751733660697937,0.060758076227055174,1.458629760861524,0.2747367662860048,0.003534009158312138,0.0021044919107734675,1.6029,0.009048150510204082,0.05646125637755102,0.23873963647959184,0.00701530612244898,0.003627232142857143,0.007932079081632654,0.00013950892857142856,0.05347177933673469,0.5630978954081632,0.08262914540816327,0.0
9811,0.2520352005958557,0.5198217630386353,0.1999561543367347,4.605743559181196,0.03625178337097168,5.277657686468347,0.5046835140306123,1.0,0.5896670620958384,0.46208758623339813,0.7649484872817993,0.10705549626168753,1.209493058846731,0.30633066462395975,0.0028082523049301356,9.913474642606016e-05,1.2268,0.10174186862244898,0.1641422193877551,0.21894929846938777,0.00839046556122449,0.0,0.0029496173469387753,0.005181760204081632,0.01931202168367347,0.4482421875,0.04751275510204082,0.0
9815,0.5196171402931213,0.382993221282959,0.19933832908163265,4.083626879877279,0.043359920382499695,5.128241858889169,0.9356664540816326,1.0,0.5042559251701434,0.5052829177286501,0.8619078993797302,0.03497677235707828,0.9400000006220165,0.17286384983599087,6.303554561107087e-06,1.7054848261038406e-06,1.6552,0.002650669642857143,0.10726243622448979,0.38789461096938777,0.40555245535714285,0.0,0.0,0.0,0.001913265306122449,0.03463807397959184,0.09891183035714286,1.0
9823,0.19786493480205536,0.272455096244812,0.19939811862244897,3.4582364267106627,0.07533891499042511,4.810310627756147,0.544563137755102,1.0,0.44322145219006204,0.5419907136616047,0.9035952091217041,0.04244061806372285,0.7669425800872637,0.23434004510542877,0.00819332056206561,0.0015460923140661238,1.1438,0.0,0.011559311224489796,0.25843032525510207,0.017538265306122448,0.0,0.008151307397959183,3.985969387755102e-05,1.992984693877551e-05,0.4370615433673469,0.28160873724489793,1.0
9849,0.1852359175682068,0.3572574257850647,0.1999561543367347,4.415038205648664,0.03699614852666855,5.172503964485986,0.45308514030612246,1.0,0.5296785873354581,0.5990277102192998,0.8107373714447021,0.05614211677707151,0.5287472340950772,0.2944596201142664,0.0026556886663010983,0.0009272377131016806,0.9531,0.00643734056122449,0.021444515306122448,0.2041613520408163,0.001175860969387755,0.0,0.007672991071428571,0.00025908801020408165,0.0059590242346938774,0.5336814413265306,0.2256656568877551,0.0
9852,0.4696822166442871,0.4818723201751709,0.19917889030612246,4.284116827805616,0.03967414051294327,5.0913947690182315,0.9395328443877551,1.0,0.494399612809919,0.4964238376830387,0.8073759078979492,0.003187208558453105,1.0305823566646923,0.17131515271209527,4.694073483596767e-06,4.637736764265576e-07,1.3252,0.001096141581632653,0.004544005102040816,0.22600446428571427,0.5722257653061225,0.002570950255102041,0.10485092474489796,0.01696029974489796,0.008091517857142858,0.04884805484693878,0.030691964285714284,1.0
9860,0.2656497061252594,0.5847516655921936,0.19999601403061223,4.079137994810207,0.0496254526078701,4.844841905767875,0.4955556441326531,1.0,0.5231166685753292,0.4614128851853822,0.7879434823989868,0.025812822464077328,1.6014856506695212,0.28221712345496774,0.001279325867590348,0.0002495994436630449,1.4848,0.001913265306122449,0.00817123724489796,0.27650669642857145,0.22337372448979592,0.0,0.0014947385204081632,0.00013950892857142856,0.014508928571428572,0.4725366709183674,0.0027104591836734694,1.0
9869,0.3074290156364441,0.4411848485469818,0.19981664540816327,4.695580587428825,0.03842933848500252,5.2727249888662495,0.6546157525510204,1.0,0.5215590953188531,0.4156101213189749,0.764069676399231,0.047859496826932205,1.8599042041155625,0.22162430926955,4.198453997588563e-05,1.1421793592230641e-05,1.0984,0.00958625637755102,0.027582908163265307,0.1934191645408163,0.20721061862244897,0.0001992984693877551,0.00031887755102040814,0.007473692602040816,0.028021364795918366,0.2973533163265306,0.25595902423469385,1.0
9871,0.4899457097053528,0.11916713416576385,0.1998565051020408,3.1438365483157886,0.07919280230998993,4.86841479442289,0.9036192602040817,1.0,0.4866399560075246,0.48090728546250455,0.8919170498847961,0.042502938727210615,1.0723067773600108,0.17097528769646586,0.00014862433584978817,5.259820299649385e-05,1.5512,0.009765625,0.07391980229591837,0.11481584821428571,0.0006377551020408163,0.0,0.0,0.0,0.0,0.06491151147959184,0.7897401147959183,0.0
9873,0.3716096580028534,0.3890273869037628,0.19981664540816327,4.5616818282079015,0.04339900240302086,5.2051834063735445,0.8287029655612245,1.0,0.4357929948817819,0.4842857363169169,0.7123846411705017,0.048645215434379746,1.1256006527190117,0.17232517265249975,0.0007168126998754385,0.0001239845332391458,1.6667,0.00023915816326530612,0.21165497448979592,0.3934948979591837,0.0024115114795918366,1.992984693877551e-05,0.0007374043367346938,1.992984693877551e-05,0.04840959821428571,0.11130819515306123,0.3482142857142857,0.0
9879,0.6084825992584229,0.5902491807937622,0.1999561543367347,4.473680824160136,0.047427110373973846,4.99018861578001,0.9473054846938775,1.0,0.4978797385117753,0.5058365211786519,0.7972220182418823,0.16373525380412945,0.9690956546565012,0.16862676999150197,9.399910150029278e-06,4.160901482396506e-06,1.433,0.0004384566326530612,0.013891103316326531,0.8038903061224489,0.13554288903061223,0.0,0.0,0.0002192283163265306,0.015345982142857142,0.013691804846938776,0.026965082908163265,1.0
9891,0.36351457238197327,0.6215648055076599,0.19999601403061223,4.5718545041815215,0.05006960779428482,4.950506352875426,0.7365872130102041,1.0,0.4901593172509545,0.5030824970634652,0.7683248519897461,0.09861873787831905,1.0269277170804199,0.2094303372248906,0.0005288248394017265,9.521494962453412e-05,1.6387,1.992984693877551e-05,0.010263871173469387,0.32692920918367346,0.054009885204081634,0.00466358418367347,0.3133968431122449,0.0,0.05564413265306122,0.2017498405612245,0.05855389030612245,1.0
9900,0.6468759775161743,0.5281998515129089,0.19999601403061223,4.547258877568202,0.037003882229328156,5.2115772301940755,0.9294483418367347,1.0,0.49252910721215776,0.5136211868119358,0.7998319864273071,0.01553156140744897,0.9271074387722019,0.1705110310080883,6.52468782297561e-05,1.995575321083213e-05,0.85,0.00023915816326530612,0.08864795918367346,0.8515824298469388,0.003926179846938775,0.0,0.0,0.0,0.028280452806122448,0.010144292091836735,0.03342235331632653,0.0
9907,0.4423830807209015,0.4826686680316925,0.19997608418367346,4.398790140857877,0.041596412658691406,5.10452278698265,0.8533960459183674,1.0,0.4937361109074801,0.4924034910973666,0.8377683758735657,0.043599450196127265,1.025352378849664,0.1866279259015894,3.5587623242567995e-06,3.9205676475888915e-06,1.2462,0.0205875318877551,0.02174346301020408,0.2209422831632653,0.33264907525510207,0.006776147959183673,0.13347018494897958,0.04625717474489796,0.010044642857142858,0.14676339285714285,0.08456234056122448,1.0
9913,0.4879610240459442,0.6243899464607239,0.1995575573979592,4.733826022995897,0.035449348390102386,5.380014491777867,0.7802933673469388,1.0,0.524812344574944,0.5324380223977012,0.7557127475738525,0.04605136081991432,0.8016658253075366,0.2112828468946831,0.00013532983145983813,9.915817061765454e-05,1.1365,0.0,0.05564413265306122,0.31287866709183676,0.4174306441326531,0.0019730548469387753,0.0018734056122448979,0.0,0.09185666454081633,0.10630580357142858,0.027044802295918366,1.0
9923,0.38935381174087524,0.5458013415336609,0.19993622448979592,4.263304170008273,0.04555748403072357,5.135543062829596,0.6033761160714286,0.9727272727272728,0.45442042858253745,0.568837968843153,0.8221763372421265,0.04199555117354616,0.711709169012631,0.2062531891019152,0.004123726831701187,0.0002858336485541204,1.1856,0.006915656887755102,0.11144770408163265,0.26889349489795916,0.22267617984693877,0.0,1.992984693877551e-05,0.00045838647959183676,0.008769132653061224,0.37228954081632654,0.020627391581632654,1.0
9929,0.4119500517845154,0.4221259653568268,0.19975685586734693,4.434026955821221,0.04350036382675171,5.0430666919902984,0.8530572385204082,1.0,0.48130642114792466,0.5161606479743625,0.8035334348678589,0.09778286825880342,0.866844034953165,0.1946619075491753,0.00017150793411085144,7.544718285120958e-05,1.558,0.06206154336734694,0.07890226403061225,0.13360969387755103,0.4296077806122449,0.005620216836734694,0.05685985331632653,0.001096141581632653,0.010224011479591837,0.10666454081632654,0.1591796875,1.0
9945,0.4228099584579468,0.5981959700584412,0.19999601403061223,4.88099689370165,0.038012780249118805,5.280111141339109,0.7355508609693877,1.0,0.4560708342056224,0.4368527316448409,0.668707013130188,0.016627369070972727,1.3872574322668083,0.19396752250745342,0.001025385423141972,0.00032800936888413486,1.3043,0.04545998086734694,0.23778300382653061,0.22739955357142858,0.031050701530612245,0.00015943877551020407,0.04743303571428571,0.019471460459183673,0.20224808673469388,0.056760204081632654,0.15760522959183673,1.0
9947,0.23959851264953613,0.42922112345695496,0.19999601403061223,3.5762299128336568,0.046976059675216675,5.248683493359687,0.30478714923469385,0.9908256880733946,0.4713496224275651,0.5296499849428459,0.8794367909431458,0.05505358447975089,0.7917984829799176,0.2766598659718112,0.0034203642839195523,0.0036240942470852164,0.9714,0.0006178252551020409,0.03786670918367347,0.14690290178571427,0.03497688137755102,0.0017139668367346938,0.0029894770408163264,1.992984693877551e-05,0.001175860969387755,0.6800063775510204,0.11397879464285714,1.0
9970,0.38166970014572144,0.48444318771362305,0.19997608418367346,4.7064847205868965,0.04552169889211655,4.877227664303856,0.6806441326530612,1.0,0.48073660669736035,0.5383995527249847,0.7630032896995544,0.007756823584212525,0.6619786892210222,0.23430009603475363,0.0018114279454453817,0.00013496530365579055,1.0521,0.0064572704081632655,0.2850366709183674,0.24222735969387754,0.007672991071428571,1.992984693877551e-05,0.0006377551020408163,0.0006178252551020409,0.04390545280612245,0.27836017219387754,0.17061941964285715,0.0
9981,0.4442509114742279,0.2811499834060669,0.19971699617346939,3.8249415846019925,0.04660491645336151,5.276405248745646,0.8847855548469388,1.0,0.49453363279204166,0.5001635844540729,0.8778372406959534,0.024818034576439205,1.0198826149966718,0.1858917196613259,0.00010963966724690031,2.5584262798060663e-06,1.4234,5.978954081632653e-05,0.01686065051020408,0.20107222576530612,0.42881058673469385,0.0016143176020408164,0.01588408801020408,0.0,1.992984693877551e-05,0.0860172193877551,0.4895766900510204,1.0
9991,0.410370409488678,0.4716031551361084,0.19991629464285715,4.507359570730364,0.04575570672750473,4.92194427658313,0.7000956632653061,1.0,0.4344516351730455,0.49367042554430024,0.8022638559341431,0.01212515174121984,0.989916728178196,0.20766314002862535,0.0005512971900698174,7.963770327439733e-05,1.4167,0.0006776147959183673,0.06873804209183673,0.34022241709183676,0.2935068558673469,0.001953125,0.00705516581632653,0.0,0.034837372448979595,0.23686623086734693,0.06176259566326531,1.0
10003,0.4535520374774933,0.5149427652359009,0.19991629464285715,4.410729845058495,0.042877547442913055,5.059953301071783,0.8057836415816326,1.0,0.47794165845082026,0.5014550061650735,0.829979658126831,0.09230894080533224,0.9199829053126929,0.18971066207255613,0.00032651185739041336,0.00012357678062865056,1.6387,0.0,0.04143415178571429,0.36975845025510207,0.4090202487244898,0.0,3.985969387755102e-05,0.0,0.033482142857142856,0.13960857780612246,0.06469228316326531,1.0
10031,0.3630680441856384,0.460921049118042,0.19999601403061223,4.74435603502958,0.038979507982730865,5.214054288740085,0.6384725765306123,1.0,0.3976301604640967,0.4978892859882408,0.6938380002975464,0.06505292567011481,0.9018106277609825,0.2263367214885751,0.0002922139578050132,0.0007801840466813147,0.9231,0.00031887755102040814,0.020966198979591837,0.2209422831632653,0.32481664540816324,0.0,0.003527582908163265,0.00025908801020408165,0.10967394770408163,0.21683673469387754,0.16571667729591838,1.0
10032,0.21617639064788818,0.42839211225509644,0.1997967155612245,4.355038622906798,0.050214726477861404,5.0551756428500045,0.47480867346938777,1.0,0.5448434257800854,0.5066848593723178,0.7659002542495728,0.028569222122390242,0.9919732443155311,0.38018979087518745,0.007302498902536677,0.0006507293495557222,1.5467,0.002152423469387755,0.1467235331632653,0.14626514668367346,0.0034677933673469387,0.0,0.12854751275510204,0.000896843112244898,0.0186344068877551,0.47433035714285715,0.10299744897959184,0.0
10035,0.36167651414871216,0.5127896070480347,0.19999601403061223,4.722163431837378,0.04573066905140877,4.9083955270632025,0.7182517538265306,1.0,0.4825514760603765,0.5027112506543422,0.7632160186767578,0.005753700539197858,0.9780997862393286,0.2479149160462658,0.0010800776341598722,1.1902059885999738e-05,1.0741,0.010622608418367346,0.46520248724489793,0.2132294323979592,0.0024513711734693877,0.0,0.0,0.0006377551020408163,0.08490114795918367,0.16892538265306123,0.1065250318877551,0.0
10071,0.3503116965293884,0.6861562132835388,0.19943797831632654,3.0294031248919855,0.0677221417427063,4.812295261374563,0.8221659757653061,1.0,0.47816150128611384,0.528673604278705,0.918319046497345,0.09356060439093392,0.8117259572786206,0.19840006021759982,0.0004014730297416625,0.00020606197309187938,1.4074,5.978954081632653e-05,0.017438616071428572,0.17247289540816327,0.6516063456632653,0.0,0.0,3.985969387755102e-05,0.013372927295918368,0.1441924426020408,0.0009964923469387755,1.0
10075,0.5980360507965088,0.4492594003677368,0.1996173469387755,4.0361332058922885,0.04720472916960716,5.169472322242079,0.9646045918367347,1.0,0.5,0.5,0.8458660244941711,0.020444178432461838,1.0,0.16666322314049586,0.0,0.0,1.625,0.003667091836734694,0.41587611607142855,0.40684789540816324,0.13048070790816327,0.0,0.0,1.992984693877551e-05,0.0007174744897959184,0.0017139668367346938,0.07784598214285714,1.0
10108,0.2923958897590637,0.5711276531219482,0.19997608418367346,4.65571370389473,0.039338234812021255,5.190040827651362,0.6343072385204082,1.0,0.48877444356196426,0.43398144199139377,0.7861224412918091,0.027089346678768923,1.6540193325483348,0.2173817370206439,0.002355514450283392,0.0001372510273158997,1.56,0.004524075255102041,0.1724529655612245,0.20978156887755103,0.02969547193877551,0.010861766581632654,0.19646843112244897,0.009905133928571428,0.07563376913265306,0.26883370535714285,0.03296396683673469,1.0
10112,0.26139509677886963,0.4911785423755646,0.19999601403061223,4.025671884613605,0.03540008142590523,5.347506892411298,0.5109414859693877,1.0,0.5566039204477973,0.5811221554609186,0.8638231754302979,0.02354316481918016,0.6133031336614756,0.27181031813456447,9.406700600949952e-05,0.00013540022797790558,1.4653,0.0015545280612244898,0.013811383928571428,0.15525350765306123,0.31766183035714285,0.0001992984693877551,0.0006377551020408163,3.985969387755102e-05,0.024972098214285716,0.4780970982142857,0.015505420918367346,1.0
10114,0.2734464406967163,0.48262137174606323,0.19999601403061223,3.9335878055046836,0.05172726884484291,4.941365041225053,0.6370376275510204,1.0,0.47036506316242543,0.47534965064397,0.8487568497657776,0.15466376324597245,1.1606056482159832,0.24508129538847861,0.0008955431966449916,0.0005441065334469562,1.5983,0.002551020408163265,0.08480149872448979,0.15670838647959184,0.3297592474489796,0.06198182397959184,0.00029894770408163266,0.0,0.028778698979591837,0.3317123724489796,0.004444355867346939,1.0
10116,0.3582890033721924,0.46455666422843933,0.19997608418367346,4.593429006750901,0.03666910529136658,5.19496999922506,0.7514150191326531,1.0,0.4827323395778357,0.5104186378098637,0.805931568145752,0.06634342030094245,0.8385429385334934,0.21880502014883585,0.00018969335484132858,3.7700339905496756e-05,1.0776,0.0008769132653061224,0.42709661989795916,0.23927774234693877,0.00027901785714285713,0.0,0.0,0.0,0.03107063137755102,0.22496811224489796,0.12775031887755103,0.0
10137,0.23837506771087646,0.3741222023963928,0.19989636479591838,4.333860979045943,0.04420545697212219,5.076711516579058,0.5506616709183674,1.0,0.5064659684589279,0.5364494627111299,0.8370665311813354,0.02317085928301384,0.6700918812117593,0.3322695933867288,0.0006723582344648142,0.000985031793410952,1.6043,0.020746970663265307,0.04635682397959184,0.17265226403061223,0.18297592474489796,0.00448421556122449,0.019969706632653062,0.002072704081632653,0.0017737563775510204,0.41591597576530615,0.15581154336734693,1.0
10139,0.3612753748893738,0.5886679887771606,0.1997967155612245,4.760140022371236,0.04740557819604874,5.257057735074147,0.6083187181122449,1.0,0.575632960162806,0.46752173506151135,0.7282801866531372,0.03846086632784239,1.284655683277364,0.20029526174451234,0.0019129574261960113,0.00034491749904417684,1.3604,0.004524075255102041,0.033522002551020405,0.44447544642857145,0.11278300382653061,0.00510204081632653,0.0,0.005839445153061225,0.2719029017857143,0.1087173150510204,0.03902264030612245,1.0
10145,0.398044615983963,0.49149349331855774,0.19999601403061223,4.139198909592577,0.04462223872542381,5.062854266785207,0.7763871173469388,1.0,0.5714417599803296,0.5193472272040158,0.8500679731369019,0.09800625868970485,0.8981630378379798,0.1954074120520809,0.000898261518679561,5.323981415409256e-05,1.6218,0.003049266581632653,0.1785514987244898,0.5107023278061225,0.07220583545918367,0.0015545280612244898,0.0002192283163265306,7.971938775510203e-05,0.0034080038265306123,0.2090441645408163,0.03611288265306122,1.0
10155,0.42615535855293274,0.4409116506576538,0.19997608418367346,4.670381998670507,0.04131617397069931,5.078476434648929,0.7425063775510204,1.0,0.4798310995261485,0.5228673552807818,0.6772627830505371,0.08463923203415517,0.8790538170344973,0.19207955538449198,0.001270526529620954,0.00014144846355175923,1.3138,0.0004982461734693878,0.21950733418367346,0.17418686224489796,0.0047831632653061226,0.010941485969387755,0.08767139668367346,0.00013950892857142856,0.19917889030612246,0.044025031887755105,0.318538743622449,0.0
10164,0.23449428379535675,0.5237153768539429,0.19989636479591838,3.6309372727535605,0.04301629960536957,5.363840022496632,0.680305325255102,1.0,0.5023310897576951,0.5085749605398244,0.8979097604751587,0.041695110569719834,0.854659062019187,0.22639017689792018,0.0017475717448416181,0.00021776620815369685,1.6683,0.22337372448979592,0.17777423469387754,0.2700892857142857,0.0001793686224489796,0.017916932397959183,0.004524075255102041,0.0003985969387755102,0.00603874362244898,0.2993263711734694,0.0004982461734693878,0.0
10169,0.25424179434776306,0.5291142463684082,0.19999601403061223,3.7011113739312864,0.0524679496884346,5.157019246082299,0.42612005739795916,1.0,0.47972352134443996,0.46811646818568015,0.8659887313842773,0.11444583565338692,1.3505936578763262,0.299730798030569,0.020411478580422332,8.902505485445286e-05,1.345,0.0001793686224489796,0.13480548469387754,0.25623804209183676,0.016063456632653062,0.0005181760204081633,0.0019331951530612245,0.0,0.013392857142857142,0.55078125,0.030074139030612245,1.0
10172,0.3947228789329529,0.37162157893180847,0.19991629464285715,4.087392240469562,0.0407070592045784,5.178961510317871,0.9065688775510204,1.0,0.47802278509564045,0.5076699871764336,0.8176658153533936,0.09915024000580451,0.9323704340257819,0.1704955455714306,6.63688612101904e-05,1.800671373498652e-05,1.6195,0.06455277423469388,0.2544642857142857,0.5331034757653061,0.02549027423469388,3.985969387755102e-05,5.978954081632653e-05,0.0059590242346938774,0.006796077806122449,0.07188695790816327,0.1220703125,1.0
10174,0.46037694811820984,0.36163434386253357,0.19991629464285715,4.062888606459133,0.035653382539749146,5.4066482640504665,0.9110331632653061,1.0,0.506340731834798,0.49528810521243555,0.8247789740562439,0.026719782850348196,1.0614205179071396,0.17384603166627166,1.4501542903170249e-05,1.4134283478434052e-08,1.1278,0.0006377551020408163,0.20147082270408162,0.6311583227040817,0.06204161352040816,0.0002192283163265306,0.0,0.0,0.00972576530612245,0.06214126275510204,0.1280094068877551,1.0
10175,0.4947271943092346,0.3152129054069519,0.19987643494897958,3.8642053932464604,0.03819822147488594,5.342294669461935,0.8325494260204082,1.0,0.5112436104505109,0.4922366799268582,0.8606044054031372,0.00193817014409475,1.037259204616065,0.19105362537989645,0.0002978389769317655,3.316530819649717e-05,1.4259,0.009964923469387755,0.032306281887755105,0.2391780931122449,0.44314014668367346,0.01171875,0.0007374043367346938,0.0008769132653061224,0.0,0.14937420280612246,0.15509406887755103,1.0
10178,0.34388262033462524,0.48277586698532104,0.19999601403061223,4.82218833557117,0.04277166724205017,4.990386666861383,0.8539341517857143,1.0,0.501919176178123,0.4901025978240859,0.7266764640808105,0.11461105475644424,1.0551105561980845,0.18721410170232305,6.105212812307015e-05,4.263943146237318e-07,1.694,0.08219068877551021,0.4465880102040816,0.11762595663265306,0.06734295280612244,0.009386957908163265,0.0008769132653061224,0.0015943877551020409,0.04075653698979592,0.14415258290816327,0.13520408163265307,1.0
10184,0.3300332725048065,0.36450982093811035,0.19953762755102042,3.8437742834933912,0.04085013270378113,5.251082492254772,0.6710977359693877,1.0,0.4706284219409598,0.5070267605388091,0.8892897963523865,0.03797087374961751,0.9488945487221516,0.19904201747985684,0.0044636419899107905,0.0002865854470932102,1.5444,0.02032844387755102,0.22789779974489796,0.15690768494897958,0.03384088010204082,0.008948501275510204,0.19064891581632654,0.00972576530612245,0.00466358418367347,0.30173788265306123,0.07720822704081633,1.0
10191,0.32811829447746277,0.5383515357971191,0.19993622448979592,4.216706384137787,0.03846842795610428,5.1553915520290765,0.8202925701530612,1.0,0.5343497278464125,0.5190279804110866,0.8160179853439331,0.033175513891299066,0.8837933099525805,0.17824408297698224,0.00017383810071829023,0.00017888126737993648,0.9412,0.012914540816326531,0.29512117346938777,0.41830755739795916,0.0999282525510204,0.0,0.0,3.985969387755102e-05,0.0018933354591836734,0.1599170918367347,0.02955596301020408,1.0
10193,0.35128289461135864,0.38900256156921387,0.19999601403061223,4.528130392476093,0.03641769289970398,5.183810443312506,0.8344626913265306,1.0,0.5102875545811775,0.5136056403495337,0.7743536233901978,0.057179929949263644,0.9037875698694028,0.19416322411399473,1.727707460652046e-05,1.4114656537898546e-05,1.1359,0.04217155612244898,0.2514748086734694,0.2570950255102041,0.10088488520408163,0.005082110969387755,0.0439453125,0.0012157206632653062,0.0078125,0.18251753826530612,0.1677295918367347,1.0
10195,0.26112550497055054,0.4776292145252228,0.19983657525510204,3.743612328482186,0.054324403405189514,4.848988681688604,0.546516262755102,1.0,0.4410433768441626,0.5438811690263423,0.8626710176467896,0.05091662849968928,0.8458535297975408,0.23270221069457425,0.0013215488650303716,0.0008028407974096988,1.3392,0.00013950892857142856,0.4261997767857143,0.08649553571428571,0.00013950892857142856,0.0,0.00023915816326530612,5.978954081632653e-05,0.017159598214285716,0.43319515306122447,0.054368622448979595,0.0
10200,0.1432981938123703,0.342140793800354,0.1999561543367347,4.403336278247048,0.035141587257385254,5.3107157472241235,0.21522241709183673,1.0,0.4532739910729153,0.5759431304260443,0.8276886940002441,0.10149322512868056,0.6010378206214428,0.6033891022324542,0.012601407980498688,0.0030891126687839837,1.2893,0.006556919642857143,0.04458306760204082,0.056142378826530615,0.024653220663265307,0.0001992984693877551,0.0017338966836734694,0.0003985969387755102,0.011619100765306123,0.6775350765306123,0.20358338647959184,1.0
10202,0.2647964656352997,0.7239103317260742,0.19993622448979592,4.435411466048567,0.03758516162633896,5.174641453082147,0.5439652423469388,1.0,0.5602836215255838,0.45303834907128193,0.8232205510139465,0.09673935583037756,1.064755275266979,0.25124492098759577,0.0003019402661530635,0.0014709580004766425,0.9094,0.0034478635204081634,0.25550063775510207,0.20780851403061223,0.07089046556122448,0.0,0.0013352997448979591,0.00029894770408163266,0.26779735331632654,0.19154575892857142,0.0023915816326530613,1.0
10207,0.3565635681152344,0.4688699543476105,0.1998565051020408,4.606667888978308,0.03786153718829155,5.2938190755752625,0.7983498086734694,1.0,0.5115763756902267,0.4682086535062276,0.7722060680389404,0.1095398945027626,1.1864527019934907,0.19501181419883973,0.00013792165051801513,3.847883468660127e-05,1.0176,0.03979990433673469,0.23311941964285715,0.3057437818877551,0.1026187818877551,0.017040019132653062,0.026387117346938774,0.025450414540816327,0.04609773596938776,0.13530373086734693,0.13036112882653061,1.0
10215,0.2802083492279053,0.558240532875061,0.19993622448979592,4.08337198163202,0.04784427583217621,5.1407337520031025,0.5688177614795918,1.0,0.5757582946914698,0.5384891187141212,0.851263165473938,0.07544216712000404,0.9328863616983252,0.28678306321713687,0.005509016337830708,0.0006438584927913485,1.3712,0.0009367028061224489,0.5082908163265306,0.05931122448979592,0.0,0.0,0.0,0.0,0.009386957908163265,0.40256297831632654,0.02774234693877551,0.0
10218,0.22713322937488556,0.6649507880210876,0.19939811862244897,4.745714873869023,0.04149482399225235,4.969810368574024,0.3614078443877551,0.9724770642201835,0.50344668810811,0.42749961546850274,0.749464750289917,0.049398950297687115,1.6861205492321252,0.3003388557892547,0.0019207407525065304,0.0021530755516366374,1.5941,0.0069355867346938774,0.2149035395408163,0.11724728954081633,5.978954081632653e-05,0.0,0.0,0.00013950892857142856,0.25938695790816324,0.3681640625,0.055584343112244895,0.0
10219,0.39763957262039185,0.367342084646225,0.1997967155612245,3.7476818910564065,0.05476001650094986,4.870567174910567,0.8309749681122449,1.0,0.4852012559710518,0.5221330212943988,0.8759838342666626,0.07668815245179997,0.8489202269479356,0.20218982653895717,0.0001487820964410217,1.5493239004805797e-05,1.453,0.0,0.08882732780612244,0.19836176658163265,0.5673828125,0.0,0.0,0.0,0.0003985969387755102,0.14287707270408162,0.058314732142857144,1.0
10226,0.388938307762146,0.47754985094070435,0.19999601403061223,3.353065564187387,0.06893965601921082,4.87494813815073,0.8676458864795918,1.0,0.48549803492988736,0.5128584237928249,0.891055166721344,0.06730021129937777,0.8795872562908708,0.1904595772726319,4.797565989627061e-05,3.166309096477404e-05,1.6387,0.058274872448979595,0.09865274234693877,0.6799665178571429,3.985969387755102e-05,0.0,0.0003985969387755102,0.002690529336734694,0.015923947704081634,0.09371014030612244,0.0721859056122449,0.0
10229,0.43295830488204956,0.49368250370025635,0.19993622448979592,4.631037984198749,0.037612468004226685,5.1622911341735325,0.8797632334183674,1.0,0.46614574788480445,0.49667077716947033,0.7694596648216248,0.06798367562589382,1.0384668663287662,0.175773387934707,0.00014267767265534038,1.3866769340492602e-05,1.415,0.06519052933673469,0.5857979910714286,0.13279257015306123,0.0013352997448979591,0.0,0.005899234693877551,0.005719866071428571,0.00564014668367347,0.10321667729591837,0.11856265943877552,0.0
10246,0.2933828830718994,0.5873008370399475,0.1999561543367347,4.31037724798257,0.039314210414886475,5.212747693381178,0.5500438456632653,1.0,0.5410557053717907,0.4767471428174511,0.8122167587280273,0.05093797267747156,1.1881392176959986,0.2835149233655564,0.002607623887016528,0.00045533814100873985,1.4663,0.006357621173469388,0.31766183035714285,0.05857382015306122,1.992984693877551e-05,0.0,0.14666374362244897,0.0005181760204081633,0.00723453443877551,0.4303651147959184,0.046795280612244895,0.0
10263,0.4592268466949463,0.6687668561935425,0.19967713647959184,3.9420299252871516,0.04341670498251915,5.295922328676354,0.5175183354591837,1.0,0.6284511507447966,0.5084977638917695,0.8436207175254822,0.11191768255434072,0.9336510549293039,0.19804895236728504,0.0032049659438804093,0.0006950410809010988,1.0583,0.0011957908163265306,0.12761080994897958,0.3347018494897959,0.00011957908163265306,0.0010762117346938774,0.015306122448979591,9.964923469387755e-05,0.008729272959183673,0.4758848852040816,0.0439453125,0.0
10267,0.30128780007362366,0.6912051439285278,0.19981664540816327,4.406285858626786,0.04118051379919052,5.098820052410847,0.43197943239795916,0.9545454545454546,0.5576282319839041,0.3406474570835984,0.8327022790908813,0.08460596666059814,3.1618662553054904,0.2171451835322279,0.0012711624291669504,0.002108904046912039,0.9387,0.00029894770408163266,0.060825892857142856,0.3750597895408163,0.00825095663265306,3.985969387755102e-05,0.0005381058673469387,0.0,0.1891143176020408,0.36551339285714285,0.0004384566326530612,0.0
10273,0.6906906962394714,0.43134331703186035,0.1999561543367347,4.233056780819972,0.046584781259298325,5.271779370874825,0.9364237882653061,1.0,0.5050083614258536,0.49884938534310097,0.794654905796051,0.05417386714433973,0.9956676860808228,0.17395529241846094,1.3272443306362328e-06,1.300484416243888e-07,1.0837,0.0027503188775510204,0.20968191964285715,0.7101801658163265,0.02499202806122449,0.0,0.0,7.971938775510203e-05,0.012416294642857142,0.019112723214285716,0.07581313775510204,1.0
10277,0.1289406567811966,0.5100964307785034,0.19999601403061223,4.346460494001865,0.04337158426642418,5.235957443948224,0.1669124681122449,0.9406392694063926,0.6976395154273476,0.40644936751221467,0.8057513236999512,0.014979966964579986,2.070014564352913,0.6980258037531475,0.07834668879100277,0.0055029873855945415,1.4292,1.992984693877551e-05,0.018116230867346938,0.1532405931122449,0.0006776147959183673,0.0,0.00047831632653061223,0.0,0.08003826530612244,0.7136479591836735,0.04175302933673469,0.0
10279,0.34890446066856384,0.624018132686615,0.1999561543367347,4.184437401288673,0.040847763419151306,5.2551664855627065,0.8398636798469388,1.0,0.5102011259871435,0.4775484139675016,0.8111867904663086,0.18194850240475746,1.146765153498704,0.18612940590765892,6.3716878758519725e-06,7.911834053832426e-05,1.5174,0.0,0.03653140943877551,0.7535873724489796,0.005719866071428571,0.0,0.0,0.0,0.043466996173469385,0.09747688137755102,0.08334661989795919,0.0
10283,0.46746015548706055,0.48410847783088684,0.1999561543367347,4.399862008685185,0.03749546408653259,5.333074599479055,0.8694196428571429,1.0,0.5046060135573539,0.49203394437093495,0.8037799596786499,0.05268884026041691,1.1032737078294534,0.1831188592950801,4.690900340568935e-05,1.157455534121103e-05,1.4231,0.02166374362244898,0.35975366709183676,0.07880261479591837,0.059072066326530615,0.013691804846938776,0.2688536352040816,0.0004982461734693878,0.00665656887755102,0.11688855229591837,0.09488600127551021,1.0
10284,0.3152635395526886,0.33882391452789307,0.1996173469387755,3.5634269405243106,0.06341738998889923,4.951803967219743,0.8497289540816326,1.0,0.5238908402634124,0.4924503261943738,0.887874186038971,0.04552887973382046,1.0055505902727067,0.18265286549189153,0.0004253152629969524,4.676868863832796e-06,1.3491,0.0,0.0284000318877551,0.7375637755102041,0.0037667410714285715,0.0,0.0003985969387755102,0.0,0.0,0.1363799426020408,0.09781568877551021,0.0
10292,0.5094955563545227,0.6741552352905273,0.19991629464285715,4.6565227383761645,0.04690074548125267,5.026616954841752,0.8189373405612245,1.0,0.5370415417252291,0.47153234104813635,0.758463978767395,0.06630973297822716,1.1419411991445887,0.19481132673000678,0.00013620924959671337,3.0563508395922486e-05,1.522,0.0,0.0001992984693877551,0.20505819515306123,0.6166693239795918,0.007832429846938776,1.992984693877551e-05,0.0,0.13562260841836735,0.02100605867346939,0.024713010204081634,1.0
10293,0.41258877515792847,0.5250141620635986,0.19999601403061223,4.342588232309674,0.06086433678865433,4.745299898769336,0.7592673788265306,1.0,0.5070149586299123,0.5196010749525256,0.8063201904296875,0.09109146271624645,0.8472168366141504,0.1853333445386124,0.0008506076983305019,0.0005583589514940805,1.6491,0.0052016900510204085,0.5025908801020408,0.1351044323979592,1.992984693877551e-05,1.992984693877551e-05,0.10283801020408163,0.00011957908163265306,0.0016143176020408164,0.2290935905612245,0.03756776147959184,0.0
10310,0.8215548396110535,0.43067434430122375,0.19997608418367346,4.556312118277081,0.039720021188259125,5.287860456023724,0.9639070471938775,1.0,0.49980366968479134,0.5002255364778017,0.6272363662719727,0.00025164112433563823,0.998553719023258,0.16677730545185931,1.6161365083904717e-08,2.8449866778196646e-09,1.0106,1.992984693877551e-05,0.05404974489795918,0.4338329081632653,0.21853077168367346,0.004264987244897959,0.0,0.0,0.003985969387755102,0.00033880739795918367,0.37478077168367346,1.0
10313,0.46789219975471497,0.5669403672218323,0.19997608418367346,4.457782968474666,0.04001591354608536,5.161724280431871,0.8395647321428571,1.0,0.48042270795982756,0.4619022496891133,0.7995588779449463,0.06596158528984931,1.3034776861255204,0.17858793249449395,0.00014555859874691086,0.0002379997142414263,1.1685,0.0059590242346938774,0.06536989795918367,0.5056600765306123,0.203125,1.992984693877551e-05,0.0,0.0013352997448979591,0.02184311224489796,0.11796476403061225,0.10598692602040816,1.0
10318,0.5263947248458862,0.6405649185180664,0.19987643494897958,4.132708489733635,0.05129258707165718,4.7804514951257016,0.8760762117346939,1.0,0.4971432168129505,0.4848749836013463,0.8497922420501709,0.032297258290150156,1.1668063271135025,0.185224509242557,4.995441991105188e-06,9.923840286229437e-07,1.135,0.012097417091836735,0.15973772321428573,0.6766183035714286,0.05193718112244898,0.0,0.0,0.001295440051020408,0.01016422193877551,0.08779097576530612,0.0007374043367346938,1.0
10323,0.5120061635971069,0.5384420156478882,0.1999561543367347,3.967876241333368,0.05119511857628822,4.975403480306238,0.8363958864795918,1.0,0.4825287133035662,0.5363366326371531,0.8575006723403931,0.08187467405451648,0.7618387934403813,0.1951788797677418,0.0004845308231129284,4.944452207019961e-05,0.7719,5.978954081632653e-05,0.032146843112244895,0.2818080357142857,0.5391023596938775,0.0,0.0,0.0,0.0012356505102040817,0.1338687818877551,0.023018973214285716,1.0
10343,0.44615164399147034,0.3841956853866577,0.19999601403061223,4.5379857902355525,0.040581297129392624,5.103598342950432,0.7254264987244898,1.0,0.4513421683959435,0.4109873663557258,0.665062427520752,0.005273543191986984,1.666398053828588,0.18097272051172159,0.001286814160712389,0.0005457425726904735,1.1607,0.0034877232142857145,0.20924346301020408,0.19144610969387754,0.0023915816326530613,0.0,0.002232142857142857,9.964923469387755e-05,0.15559231505102042,0.09891183035714286,0.4408681441326531,0.0
10347,0.5311819314956665,0.4907819926738739,0.19967713647959184,4.01586790077944,0.04791508615016937,5.038722148876806,0.8182198660714286,1.0,0.5346637153594134,0.5171653687796038,0.867417573928833,0.03158493341195447,1.0292111502902088,0.19388421663131217,1.790913834907535e-05,7.863820757590898e-05,1.4466,5.978954081632653e-05,0.011419802295918368,0.8209103954081632,0.0,0.0,0.0,1.992984693877551e-05,3.985969387755102e-05,0.15690768494897958,0.017239317602040817,0.0
10353,0.5631762742996216,0.5758656859397888,0.19999601403061223,4.539474336808624,0.04331204667687416,5.159533989738948,0.873046875,1.0,0.4678566463754069,0.47009818463756525,0.741888165473938,0.058327141386777775,1.20263475206974,0.16925511513879,0.0010002066548671468,0.00024268020287557328,1.4314,0.08647560586734694,0.5469148596938775,0.1941764987244898,0.01747847576530612,0.0,0.0,0.0016143176020408164,0.08775111607142858,0.02014907525510204,0.06618702168367346,1.0
10358,0.6527758836746216,0.6023982167243958,0.19999601403061223,4.743428025469578,0.03821831941604614,5.28799958877234,0.9606186224489796,1.0,0.49952310068287964,0.49872997413616654,0.7527036070823669,0.034346358691276765,1.0083333332462223,0.16755919434879757,1.8815385635039412e-07,1.56038578317883e-08,0.9231,0.0008370535714285714,0.03706951530612245,0.7294323979591837,0.16944355867346939,0.0,0.0,5.978954081632653e-05,0.005321269132653061,0.0023716517857142855,0.07772640306122448,1.0
10361,0.35094544291496277,0.5417949557304382,0.19999601403061223,3.75817698148073,0.04457929730415344,5.177828194777392,0.6516462053571429,1.0,0.49815927765071083,0.5259874227706468,0.8830631971359253,0.058056128760943355,0.9325610270653756,0.21578502074490147,0.0014794374585803836,0.0003136718336882724,1.0957,0.008091517857142858,0.08916613520408163,0.3834701849489796,0.18142139668367346,0.0,1.992984693877551e-05,9.964923469387755e-05,0.01070232780612245,0.3207310267857143,0.010283801020408163,1.0
10365,0.2916795015335083,0.656902015209198,0.19991629464285715,4.40904602814372,0.050103411078453064,5.047678468356431,0.3798030931122449,1.0,0.6016851498843098,0.46223919697127636,0.7548189759254456,0.14789147216513543,1.30909971191725,0.26090432878390796,0.019793043239781098,3.25602150932628e-05,1.5756,0.002291932397959184,0.11930006377551021,0.26524633290816324,0.0015345982142857143,0.0,0.0,3.985969387755102e-05,0.4224131058673469,0.18144132653061223,0.02256058673469388,0.0
10374,0.4405244290828705,0.5845777988433838,0.19891980229591838,4.578141639768756,0.06276597082614899,4.492849349148659,0.7125717474489796,1.0,0.49460099920457956,0.5818336108901611,0.7967755794525146,0.039587855258910176,0.6063437909408065,0.18387385406547999,0.0005023663581844544,0.0003060723297668773,1.0,0.005560427295918368,0.13815369897959184,0.5484494579081632,0.0005779655612244898,0.0,0.00029894770408163266,0.00029894770408163266,0.06423389668367346,0.21390704719387754,0.04982461734693878,0.0
10375,0.6674935221672058,0.463455468416214,0.1998565051020408,4.224545332038303,0.04341934621334076,5.135809322974815,0.8602319834183674,1.0,0.5026476442568472,0.522089744486148,0.8558900356292725,0.08747740727033344,0.8311908719337675,0.19255477325357345,6.94584048733605e-05,1.7960526109678925e-05,1.6378,0.0003587372448979592,0.16344467474489796,0.42922911352040816,0.24565529336734693,0.0,0.0040058992346938774,0.0002192283163265306,0.028121014030612245,0.09076052295918367,0.04629703443877551,1.0
10387,0.414028137922287,0.5255297422409058,0.19969706632653061,3.968651544228267,0.05008251965045929,4.863607436864076,0.7520926339285714,1.0,0.5034807223133058,0.47367210232823326,0.8603822588920593,0.030686449243382204,1.1188658040527202,0.2068077663093157,0.00013928817869873354,0.00011050367861754593,1.5789,0.00843032525510204,0.3188376913265306,0.3559470663265306,0.07104990433673469,0.0002192283163265306,0.0009765625,0.001136001275510204,0.01670121173469388,0.2146843112244898,0.018255739795918366,1.0
10392,0.30938810110092163,0.3987879157066345,0.19987643494897958,2.824614183965339,0.04873577877879143,5.139136466932813,0.8810985331632653,1.0,0.5050179382340501,0.49265521365111276,0.9014108777046204,0.06950538988887076,0.9841127369170539,0.18769624988430128,3.607429611363104e-05,2.3950357366476864e-05,1.5673,0.0001992984693877551,0.01887356505102041,0.13068000637755103,0.002690529336734694,0.5061782525510204,0.12470105229591837,0.00027901785714285713,0.0,0.11248405612244898,0.12767059948979592,0.0
10394,0.24246768653392792,0.6448258757591248,0.19977678571428573,3.635630757521155,0.1040925532579422,4.527427360992269,0.22458944515306123,0.9626168224299065,0.5442682353708953,0.5454489020436636,0.8592263460159302,0.041823326734599986,0.7139163607258805,0.27101223565556193,0.00665829291613596,0.0018636025299713119,1.328,0.0,0.0018136160714285715,0.208984375,0.0006178252551020409,0.00029894770408163266,0.02588887117346939,0.0,0.026207748724489797,0.7307876275510204,0.007752710459183673,0.0
10415,0.3683543801307678,0.38557323813438416,0.19999601403061223,4.596644082016932,0.05226782709360123,4.8707313694419625,0.6033561862244898,1.0,0.5401965486523533,0.4590489078671897,0.776337742805481,0.11870025014712741,1.2719699761176866,0.2416125636673583,0.00010922133996721325,0.00022468100426325437,1.5,0.006816007653061225,0.2339764030612245,0.1393096301020408,0.055544483418367346,0.001096141581632653,0.0059590242346938774,0.001634247448979592,0.0460578762755102,0.3370336415816326,0.25484295280612246,1.0
10446,0.17994199693202972,0.589748203754425,0.1994579081632653,4.623555467503499,0.04202522337436676,5.075464899006808,0.2686742665816326,1.0,0.5542525720470898,0.41188645171763083,0.8078370094299316,0.04289563001039493,1.960254668223827,0.38301236441087194,0.012541071950705078,0.015598798576361041,1.5115,5.978954081632653e-05,0.14618542729591838,0.1289660395408163,1.992984693877551e-05,0.0,0.0,0.0,0.16972257653061223,0.5463568239795918,0.0401985012755102,0.0
10459,0.3420080542564392,0.4584329128265381,0.19999601403061223,4.190697235499217,0.04016900062561035,5.101016784289188,0.8710140306122449,1.0,0.5004458242937199,0.5280414759215891,0.8410267233848572,0.03471410261728679,0.8306873892044212,0.18546302919397742,5.343225595896374e-05,6.930818382673557e-06,1.4211,0.0030891262755102043,0.45786830357142855,0.14893574617346939,0.21438536352040816,0.005241549744897959,0.050701530612244895,1.992984693877551e-05,0.04974489795918367,0.06590800382653061,0.02473294005102041,1.0
10464,0.392330527305603,0.48289477825164795,0.19957748724489796,4.3457818032294275,0.04396679252386093,4.968988494348579,0.8708944515306123,1.0,0.4768207265234866,0.5057915858274701,0.8041812181472778,0.030061292012768925,0.9392029828371685,0.18876194061815543,0.00011082035434653548,7.521410306321804e-06,1.083,0.30570392219387754,0.5469347895408163,0.03298389668367347,3.985969387755102e-05,0.0,0.0,0.0007971938775510204,0.03712930484693878,0.07364078443877552,0.023716517857142856,0.0
10494,0.4157906472682953,0.5203667283058167,0.19939811862244897,4.0611921625602765,0.053800128400325775,4.831508624448125,0.7713847257653061,1.0,0.45935328919509016,0.4630463961331053,0.8043384552001953,0.01599669626563938,1.1815466099906204,0.20338329888032827,5.064698268689084e-05,4.411993615923269e-05,1.6397,0.002590880102040816,0.09725765306122448,0.45976163903061223,0.2210419323979592,0.0,1.992984693877551e-05,0.0,0.06646603954081633,0.14773995535714285,0.006596779336734694,1.0
10496,0.3163008689880371,0.4113447964191437,0.19991629464285715,4.532183528337937,0.03971784561872482,5.041660904243313,0.8271285076530612,1.0,0.49651440429798294,0.5334065698492461,0.8332279920578003,0.12277281349869779,0.8429770433586714,0.1834367423944721,0.00011866991900365704,3.882118817737745e-05,0.9084,0.012535873724489796,0.03366151147959184,0.05211654974489796,0.14190051020408162,0.1251594387755102,0.27413504464285715,0.01265545280612245,0.034857302295918366,0.1545360331632653,0.2100207270408163,1.0
10498,0.33518117666244507,0.5900641679763794,0.19999601403061223,4.295796143571229,0.03570720553398132,5.333085242169294,0.7081672512755102,1.0,0.49164327633795607,0.5092898548548125,0.8395556807518005,0.015128484622777483,0.9718645952862714,0.20140330513265914,0.0006189912217595284,4.645964935847298e-05,1.0688,0.014190051020408163,0.16932397959183673,0.339664381377551,0.18470982142857142,0.003527582908163265,0.0,0.0034279336734693877,0.04536033163265306,0.23503268494897958,0.010483099489795918,1.0
10512,0.5928469896316528,0.7173241376876831,0.19997608418367346,4.673532679031668,0.03998367860913277,5.097083495596505,0.946906887755102,1.0,0.5011609056800944,0.49533863335540623,0.7135893106460571,0.035051305378529456,1.035036621030968,0.17070932497098606,1.8123166773500197e-06,2.4977318750318613e-07,1.1751,0.04536033163265306,0.4457509566326531,0.4649633290816326,0.003049266581632653,0.0,0.0,0.004444355867346939,0.006756218112244898,0.021364795918367346,0.022480867346938774,0.0
10515,0.4566088318824768,0.517661988735199,0.1999561543367347,4.762910775206905,0.03736356645822525,5.195513847958667,0.7595264668367347,1.0,0.5111115687065881,0.5019755181190159,0.7836126089096069,0.016283241752253756,0.9698144419069082,0.2027613072555955,0.00026756130152316617,0.00011595236932139922,1.6755,0.015106823979591837,0.12240911989795919,0.37814891581632654,0.1884765625,0.0004384566326530612,0.0004185267857142857,0.008689413265306123,0.09456712372448979,0.13982780612244897,0.08990353954081633,1.0
10519,0.4030441343784332,0.42628541588783264,0.1999561543367347,4.536490694318125,0.040228597819805145,5.101562110752205,0.8340640943877551,1.0,0.47494414709806004,0.4939151678801613,0.7979419827461243,0.006321200100668445,1.122426207997044,0.20163922704906673,6.765536971321697e-05,1.0758661565936579e-05,1.6986,0.0205875318877551,0.2211017219387755,0.09380978954081633,0.00025908801020408165,0.0014748086734693877,0.2893016581632653,0.007772640306122449,0.02578922193877551,0.11575255102040816,0.28404017857142855,0.0
10522,0.7141937613487244,0.2725703716278076,0.19999601403061223,3.947532014215749,0.03846916928887367,5.208165077682511,0.9316007653061225,1.0,0.4945752611879302,0.5026208970298292,0.8319854736328125,0.07376602135953655,0.9750707739153355,0.1753915310283888,3.0047110935237392e-06,1.453483635627655e-06,1.229,1.992984693877551e-05,0.004962531887755102,0.15140704719387754,0.5897042410714286,0.00253109056122449,0.0003587372448979592,0.0,5.978954081632653e-05,0.04165338010204082,0.37625558035714285,1.0
10532,0.26970797777175903,0.5291907787322998,0.19993622448979592,3.9751121639156057,0.05550789088010788,5.107757963071947,0.6283482142857143,1.0,0.43832245918781854,0.592330911209397,0.8629335761070251,0.04032803467469834,0.5965969565607816,0.23927525837245006,0.0007648926790016214,0.00044761678580283845,1.2811,0.0023915816326530613,0.1888751594387755,0.3737244897959184,0.08215082908163265,0.00013950892857142856,0.0006776147959183673,1.992984693877551e-05,0.0382453762755102,0.30917171556122447,0.006058673469387755,1.0
10536,0.21657583117485046,0.6393465995788574,0.19891980229591838,4.3103302226040245,0.04116000980138779,5.07146327991077,0.44375797193877553,1.1224489795918366,0.596114488538297,0.5231602487494255,0.8304754495620728,0.14827805690794457,0.8903132717139152,0.20293267186054365,0.0004805758704508825,0.00034336670982570256,0.9028,0.01935188137755102,0.07605229591836735,0.3444674744897959,0.0,0.0,0.0006576849489795918,0.0021324936224489796,0.13058035714285715,0.42418686224489793,0.004803093112244898,0.0
10542,0.38366034626960754,0.5555587410926819,0.19997608418367346,4.63344488453018,0.044024888426065445,5.256502055711316,0.7333386479591837,1.0476190476190477,0.5297790216035375,0.594095941409112,0.8412321209907532,0.0788239470827392,0.5757783438151999,0.1849092262186795,0.0015538979856190307,0.0004786746654337195,1.4036,0.15896045918367346,0.1979033801020408,0.25599888392857145,0.09663982780612244,0.0016143176020408164,0.0008769132653061224,0.002311862244897959,0.07248485331632654,0.18941326530612246,0.03170838647959184,1.0
10553,0.21281301975250244,0.605717122554779,0.19999601403061223,3.162259929926568,0.05312831327319145,5.185649913921731,0.3300183354591837,0.9675925925925926,0.6361676700543809,0.48755191722383096,0.8917418718338013,0.03678973806195387,1.1952803859217893,0.2521116849008568,0.013147459670673892,0.005860380589302016,1.5124,0.01136001275510204,0.24816645408163265,0.06702407525510204,0.0,0.0,0.0016143176020408164,0.0003985969387755102,0.014967315051020409,0.6531210140306123,0.00603874362244898,0.0
10559,0.6594996452331543,0.6090462803840637,0.1999561543367347,4.434697418413318,0.04069522023200989,5.141652095755784,0.9311623086734694,1.0,0.4951851453008089,0.5054748984692014,0.804720938205719,0.05192928494300876,0.9698132302193709,0.16785893622085368,1.288904760010011e-05,2.1075361379647958e-05,1.5667,0.00047831632653061223,0.23828125,0.6273317920918368,0.08805006377551021,0.0,0.0,0.0,0.039919483418367346,0.00412547831632653,0.005879304846938775,1.0
10561,0.5817651748657227,0.32887136936187744,0.19997608418367346,4.281221719969091,0.04701399430632591,4.969970465230014,0.9044563137755102,1.0,0.4887173022314017,0.49212613285961343,0.7758223414421082,0.03010228476407348,1.0770744647655983,0.17804541077081693,1.697866778226759e-05,1.565395137108511e-07,1.4487,0.015923947704081634,0.13034119897959184,0.4079440369897959,0.03268494897959184,0.0,0.0018734056122448979,0.00015943877551020407,0.0013751594387755102,0.06841916454081633,0.4274154974489796,1.0
10579,0.40917718410491943,0.6975791454315186,0.19993622448979592,4.076829320763795,0.051783785223960876,5.016114474894149,0.8438097895408163,1.0,0.44990566744164145,0.4905978300069363,0.8358975052833557,0.1367470476474937,1.0619977589463792,0.1685818864894632,7.787617190922649e-05,8.17892102184047e-05,1.1307,5.978954081632653e-05,0.5376474808673469,0.30253507653061223,9.964923469387755e-05,0.00015943877551020407,0.00023915816326530612,0.0,0.06040736607142857,0.08717315051020408,0.019909917091836735,0.0
10607,0.12087053805589676,0.39174655079841614,0.19989636479591838,3.909300143844886,0.04936167597770691,5.1940378419889,0.1421795280612245,1.0,0.7144854238089312,0.4754274672791571,0.8422794342041016,0.09798728886500803,1.362251625535865,0.7752519765805077,0.010725317200041532,0.15145331348768165,1.5889,0.005600286989795918,0.11051100127551021,0.005440848214285714,0.014568718112244899,0.0,0.0001992984693877551,0.003587372448979592,0.026426977040816327,0.7982700892857143,0.03948102678571429,1.0
10623,0.47256967425346375,0.7175501585006714,0.19999601403061223,3.8234022420174503,0.05286633223295212,5.021738900044669,0.9096181441326531,1.0,0.49276558141463356,0.497033143141006,0.8807052373886108,0.057166939146279766,1.0148772733651594,0.1764395933438703,1.329998513018405e-05,1.9484604669350545e-06,1.6122,0.009685905612244899,0.07320232780612244,0.5173389668367347,0.32832429846938777,0.0,0.0,0.0004982461734693878,0.024573501275510203,0.04282924107142857,0.006277901785714286,1.0
10626,0.4520846903324127,0.5417394042015076,0.19987643494897958,4.59598505874153,0.040970467031002045,5.048959960125597,0.7619379783163265,1.0,0.48056744503234,0.4728511938225887,0.791723370552063,0.025445257738993997,1.1220581688153888,0.19997883972678157,0.0005740416383966049,4.28797490778652e-05,1.4625,0.0019730548469387753,0.011220503826530613,0.26291454081632654,0.4958346619897959,0.0009964923469387755,0.0010562818877551021,0.0001793686224489796,0.0696548150510204,0.1385124362244898,0.03248565051020408,1.0
10628,0.4207753837108612,0.5057443380355835,0.19987643494897958,3.6540305686716015,0.14230258762836456,4.256167930220537,0.9201411033163265,1.0,0.4900846344687829,0.5012565941447132,0.8840087652206421,0.018354752301650547,0.9993504243964562,0.17346958957842726,3.737270152823252e-05,2.2379616755767812e-05,1.3862,0.01309390943877551,0.39706234056122447,0.5008769132653061,0.014887595663265306,1.992984693877551e-05,1.992984693877551e-05,0.001136001275510204,0.015664859693877552,0.0447624362244898,0.016661352040816327,1.0
10634,0.6425095796585083,0.6172688603401184,0.19959741709183673,4.2380057082777105,0.039399027824401855,5.35577007312253,0.9487404336734694,1.0,0.49950102169505295,0.49779439719991875,0.8150913119316101,0.039842404684599604,1.0207148312591503,0.1701881232207304,3.8890022824476433e-07,5.136554475448069e-07,1.5263,0.030133928571428572,0.21809231505102042,0.2805325255102041,0.4393335459183674,7.971938775510203e-05,0.0002192283163265306,0.0,0.013671875,0.00799186862244898,0.012675382653061224,1.0
10644,0.33854690194129944,0.5916038155555725,0.19997608418367346,4.402620623865486,0.04086356610059738,5.0265114514161,0.857063137755102,1.0,0.5099004243217755,0.4844446631932873,0.8181220889091492,0.04511247918727402,1.1051497931084795,0.18416889202132453,0.00022627413866881357,2.6598533059507676e-05,1.365,0.0036471619897959183,0.6193598533163265,0.19154575892857142,0.050681600765306124,0.0,0.0,0.0,0.06078603316326531,0.07354113520408163,0.00922751913265306,1.0
10657,0.4764431416988373,0.45834946632385254,0.19965720663265307,3.2139463493452824,0.07815041393041611,4.822985651560796,0.9496372767857143,1.0,0.5016125484872705,0.5014203734012741,0.9131766557693481,0.009621712601628005,0.9893537075263419,0.17043710907995419,1.7917115299799122e-06,2.940731410505159e-07,1.4095,0.0010762117346938774,0.030153858418367346,0.2733777104591837,0.6537388392857143,0.0,0.0,0.0,0.0038464604591836736,0.024115114795918366,0.017338966836734693,1.0
10659,0.5671149492263794,0.48359841108322144,0.19993622448979592,4.481127437875694,0.05587010830640793,4.772298068917612,0.9292091836734694,1.0,0.493549868271619,0.5066633631979219,0.8097900152206421,0.07787766677967443,0.9565253886238738,0.16841223601422778,2.5241698991113964e-05,1.7798324441625524e-05,1.4759,7.971938775510203e-05,0.006995376275510204,0.22156010841836735,0.6221301020408163,0.04607780612244898,0.0004185267857142857,0.0,0.017139668367346938,0.029456313775510203,0.11704799107142858,1.0
10672,0.7507396340370178,0.5286630988121033,0.1998565051020408,4.480608836310939,0.040325723588466644,5.077118649527545,0.9524473852040817,1.0,0.5035561973769772,0.5052892090489314,0.8035537004470825,0.029159232422704358,0.9768355741804133,0.16710489301248105,1.311326258707354e-05,4.191206826963123e-06,1.0465,0.0001992984693877551,0.07166772959183673,0.34729751275510207,0.5281808035714286,3.985969387755102e-05,0.01975047831632653,0.0,0.005560427295918368,0.01598373724489796,0.026207748724489797,1.0
10680,0.7315915822982788,0.3744806945323944,0.19997608418367346,3.322994466110002,0.050893012434244156,4.995641078345184,0.9603993941326531,1.0,0.4989852642067897,0.49951354657627517,0.9000408053398132,0.1082571400348779,1.0037839410807388,0.16731326708922473,3.7184655077873983e-08,8.035915418610506e-08,1.4402,0.0,0.014867665816326531,0.30763711734693877,0.6635642538265306,0.0,0.0,0.0,0.0,0.011918048469387755,0.007613201530612245,1.0
10682,0.7153776288032532,0.5447933673858643,0.1998565051020408,4.313783689670453,0.041675977408885956,5.191979983105123,0.9563735650510204,1.0,0.499707460008087,0.5022313124602786,0.8269799947738647,0.060289878432887786,0.9872862054578058,0.1677766463313159,7.005616576769423e-07,7.078734912052714e-08,1.6892,0.0,0.10096460459183673,0.6636639030612245,0.21025988520408162,0.0,0.0,0.0,0.0022520727040816328,0.018494897959183673,0.008908641581632654,1.0
10696,0.34981781244277954,0.6581388711929321,0.19959741709183673,3.784539149406678,0.03522944077849388,5.340245427141262,0.4313217474489796,1.0091743119266054,0.6075754543047214,0.5679145723541212,0.8440571427345276,0.04146292923417035,0.6611912868437464,0.252223718684738,0.010604226836388049,0.003913592959601293,1.0598,0.0,0.23212292729591838,0.2285953443877551,0.0,0.0,0.0,0.0,0.09010283801020408,0.44796316964285715,0.006796077806122449,0.0
10697,0.2675528824329376,0.5354688167572021,0.19925860969387754,3.6743102591089194,0.04928925633430481,4.912332626547649,0.3068000637755102,1.015,0.6329566991041294,0.36742694579624813,0.8909993767738342,0.011597301727903605,2.835077115001458,0.20869791228111917,0.006969630671385232,0.002330336116876979,1.0256,0.001992984693877551,0.04514110331632653,0.25821109693877553,1.992984693877551e-05,0.0,0.0,0.0,0.002032844387755102,0.6906090561224489,0.0040058992346938774,0.0
10700,0.6608208417892456,0.5988582372665405,0.1998565051020408,3.524367111940329,0.049652013927698135,5.08971285301908,0.9616948341836735,1.0,0.5013357009739754,0.5010878533083807,0.8847620487213135,0.014468121891317345,0.9939669422113047,0.16661221985363978,9.805612209016553e-07,3.0623842693585566e-07,1.1557,0.00045838647959183676,0.1361407844387755,0.32639110331632654,0.06819993622448979,0.01118064413265306,0.4247249681122449,0.00015943877551020407,0.0003786670918367347,0.0284000318877551,0.014429209183673469,1.0
10703,0.5368250012397766,0.43463200330734253,0.1999561543367347,4.581105912294877,0.03665885329246521,5.252478051245151,0.8573222257653061,1.0,0.5177726690803541,0.4885224748459546,0.7626290917396545,0.004389411084811562,1.037658092489808,0.17725807710161562,4.630151780334224e-05,2.9476399177918344e-05,1.0335,0.03834502551020408,0.33689413265306123,0.24565529336734693,0.0004982461734693878,0.00045838647959183676,0.0015146683673469387,0.0013552295918367347,0.003667091836734694,0.10570790816326531,0.31887755102040816,0.0
10704,0.38404667377471924,0.652157187461853,0.19993622448979592,4.076184246067145,0.0455000177025795,5.012845786113003,0.5180365114795918,0.9454545454545454,0.5439094588936414,0.49322972259347503,0.7973116040229797,0.07611507297314198,1.0559202709776734,0.20070083789172444,0.0028024805892120277,0.0003841886926229419,1.5487,0.0047831632653061226,0.34175701530612246,0.17239317602040816,0.0,0.0,0.0,0.0009367028061224489,0.36356026785714285,0.11045121173469388,0.009028220663265306,0.0
10713,0.7270195484161377,0.4680922031402588,0.1996173469387755,4.232946153632201,0.04309714585542679,5.106148492331268,0.9646045918367347,1.0,0.5,0.5,0.8457624912261963,0.016396862958513232,1.0,0.16666322314049586,0.0,0.0,1.2239,0.0,0.0031489158163265306,0.3584781568877551,0.5791613520408163,0.0,0.0,0.0,0.0009765625,0.0003587372448979592,0.07421875,1.0
10724,0.1742943376302719,0.3686443567276001,0.19977678571428573,4.413530292554022,0.04704529792070389,4.795043403877081,0.4933235012755102,1.0377358490566038,0.4424641013754006,0.4763174966879043,0.7948455810546875,0.09483171133836724,1.0289344256345028,0.2448097812863646,0.0012344593768140962,0.000976604460460735,1.313,0.0011559311224489796,0.04709422831632653,0.1317761479591837,0.11268335459183673,3.985969387755102e-05,0.0,0.0,0.039142219387755105,0.47158003826530615,0.27052774234693877,1.0
10725,0.49472275376319885,0.5083547830581665,0.19993622448979592,4.780334755546175,0.03494995832443237,5.286490744276291,0.9201411033163265,1.0,0.49785827793715953,0.509234206517739,0.7983008623123169,0.014974144586602647,0.9341041437950631,0.17610903779000808,1.5103384421394397e-06,1.015122537914648e-06,1.2207,0.0023915816326530613,0.47409119897959184,0.36583227040816324,0.0007573341836734694,0.0,0.0,0.0,0.030871332908163265,0.03394052933673469,0.12454161352040816,0.0
10730,0.23625147342681885,0.6838232278823853,0.1999561543367347,4.67291666527103,0.03939013183116913,5.09817628241418,0.5993502869897959,1.0,0.4960056090717371,0.5370547512264252,0.7535637617111206,0.0401055497119289,0.8462152396452526,0.26428232132615437,0.0010508585582942793,0.00028014232825834974,1.3987,0.022660235969387755,0.25390625,0.028380102040816327,9.964923469387755e-05,0.0,0.2824856505102041,0.001953125,0.21334901147959184,0.19005102040816327,0.017239317602040817,0.0
10751,0.13951902091503143,0.35328373312950134,0.19993622448979592,4.046584936665619,0.040508367121219635,5.099377555270344,0.21749441964285715,1.0,0.5123498160543294,0.5733972606004523,0.864648699760437,0.008392345335716154,0.49247813557536724,0.9730374908268695,0.04876976420608915,0.08107208944387148,1.4306,0.010263871173469387,0.021603954081632654,0.023557079081632654,0.022122130102040817,0.02760283801020408,0.03850446428571429,0.03384088010204082,0.008948501275510204,0.7431839923469388,0.09384964923469388,1.0
10754,0.28097620606422424,0.5330446362495422,0.19981664540816327,2.938159314967808,0.06663317233324051,4.695443192057018,0.9488002232142857,1.0,0.5001053562515442,0.4987372791863427,0.8779788613319397,0.034434225851739615,1.0126405680573574,0.16941207008055076,3.624565152584043e-06,1.1456549390768132e-06,1.5096,0.001953125,0.22947225765306123,0.026666135204081634,0.0007174744897959184,0.0005381058673469387,0.6327128507653061,5.978954081632653e-05,0.0,0.055982940051020405,0.10106425382653061,0.0
10763,0.428538978099823,0.4492432475090027,0.1999561543367347,4.690018700538983,0.041246261447668076,5.0245452734328016,0.642936862244898,1.0,0.3945699042810794,0.5249639281732782,0.7586442232131958,0.2768349752344479,0.9534940057931103,0.23537422954755394,0.00201361202465667,0.00015797620817889182,1.5179,0.02784199617346939,0.06855867346938775,0.2905373086734694,0.2228954081632653,0.00033880739795918367,0.003128985969387755,0.002610809948979592,0.07445790816326531,0.25956632653061223,0.09093989158163265,1.0
10765,0.7433186769485474,0.4382283389568329,0.1996173469387755,3.7495571363315054,0.038078442215919495,5.2273352093011365,0.9646045918367347,1.0,0.5,0.5,0.8872299194335938,0.0469544985814376,1.0,0.16666322314049586,0.0,0.0,1.5129,0.0001992984693877551,0.7607222576530612,0.2305285395408163,0.0,0.0,0.0,0.0,0.0,0.0,0.026486766581632654,0.0
10766,0.19323989748954773,0.4176291525363922,0.19997608418367346,4.607074653801833,0.03492569923400879,5.3104651301377,0.3998325892857143,1.0,0.4914596589138692,0.5084256741321633,0.7893621325492859,0.1018955716412354,0.8575925959006638,0.42692805310238824,0.0004416924204726985,0.0006520279150382413,1.2805,0.041334502551020405,0.23411591198979592,0.04414461096938776,0.006556919642857143,0.00011957908163265306,0.003567442602040816,0.002272002551020408,0.05805564413265306,0.48935746173469385,0.14987244897959184,0.0
10768,0.2984771430492401,0.5058994889259338,0.19991629464285715,4.786859719250646,0.0379764549434185,5.14096382048161,0.7200653698979592,1.0,0.5040999182076681,0.47629673116138904,0.784835934638977,0.025631898780672204,1.1304322169513041,0.20233517214456193,1.6135556991640687e-05,4.540876306490274e-05,1.4664,0.031529017857142856,0.2181720344387755,0.2605030293367347,0.07591278698979592,0.0,0.0,0.0006975446428571429,0.10407366071428571,0.20489875637755103,0.13528380102040816,1.0
10777,0.5551176071166992,0.3285396993160248,0.19997608418367346,3.7148636296328963,0.06188704073429108,4.841548850659728,0.9646045918367347,1.0,0.5,0.5,0.907190203666687,0.07468893748734418,1.0,0.16666322314049586,0.0,0.0,1.5906,3.985969387755102e-05,0.23610889668367346,0.4012874681122449,0.28515625,0.0,0.0,0.0,0.0004384566326530612,0.006776147959183673,0.1337292729591837,1.0
10779,0.1680757701396942,0.5832799077033997,0.19981664540816327,3.7493959625505604,0.03769046813249588,5.227154708095744,0.35489078443877553,1.0,0.44412020163381105,0.6194475342366748,0.885859489440918,0.10322446766025636,0.32187663648783227,0.34977832042688184,0.005985869116985813,0.004698228418103182,1.6308,0.0022122130102040817,0.05353156887755102,0.0029894770408163264,0.0,1.992984693877551e-05,0.30763711734693877,9.964923469387755e-05,0.0390625,0.5904416454081632,0.005779655612244898,0.0
10780,0.17085500061511993,0.528303325176239,0.19989636479591838,4.660355778720364,0.0372726246714592,5.1807446034283915,0.39564732142857145,1.0091743119266054,0.5860764274465123,0.48934266035026913,0.7475508451461792,0.07223372072292203,1.3446320908868197,0.3031941287697518,0.001490857339503791,0.01301205571137696,1.472,0.0003786670918367347,0.2569953762755102,0.08412388392857142,0.0003985969387755102,0.0,0.0001992984693877551,0.0,0.1961296237244898,0.39570711096938777,0.08001833545918367,0.0
10782,0.15734733641147614,0.44548121094703674,0.19997608418367346,4.4075543679972435,0.043470919132232666,4.975923627806056,0.24499760841836735,1.0138248847926268,0.3576369066357718,0.6269786407299498,0.8465138673782349,0.15290189362925719,0.5996096422185989,0.5762400712753922,0.036898120527962305,0.02279855679997044,0.985,0.0007573341836734694,0.17912946428571427,0.05209661989795918,3.985969387755102e-05,0.0,0.00011957908163265306,0.0,0.02995455994897959,0.6971859056122449,0.057736766581632654,0.0
10806,0.20875601470470428,0.5642328262329102,0.19997608418367346,3.935065668861125,0.056118473410606384,4.960110849217585,0.2763073979591837,1.0,0.5052282389593721,0.4536170072375077,0.8774539232254028,0.07638502429204472,1.8025065289401987,0.3741166323907348,0.002046818012759814,0.02983757260405616,1.2463,0.001913265306122449,0.25954639668367346,0.029994419642857144,9.964923469387755e-05,0.0,0.00011957908163265306,7.971938775510203e-05,0.02293925382653061,0.6738679846938775,0.017438616071428572,0.0
10814,0.09223854541778564,0.4521234929561615,0.19987643494897958,3.719541807412127,0.03931193798780441,5.246062122649279,0.03282445790816327,0.9801980198019802,0.441384117337951,0.8116265202937261,0.7971740365028381,0.06354219180629644,0.11585380881747727,2.5713905984617935,0.7132843999900582,17.433570630849175,1.1347,0.012954400510204082,0.03926179846938776,0.0004384566326530612,0.0001793686224489796,0.0,0.0007772640306122449,0.00015943877551020407,0.12501992984693877,0.8130779655612245,0.009546396683673469,0.0
10816,0.32386431097984314,0.422733336687088,0.19975685586734693,3.3994676499296177,0.0513540618121624,4.88411091017165,0.8105070153061225,1.0,0.4757862088767802,0.5002500836920292,0.8997103571891785,0.1811182567815687,0.9495685528596473,0.20415809642319577,2.349241654023244e-05,7.072197624792719e-05,1.5954,0.0022520727040816328,0.08165258290816327,0.6758211096938775,0.004583864795918368,0.0,1.992984693877551e-05,7.971938775510203e-05,0.009526466836734694,0.16436144770408162,0.07081074617346939,0.0
10819,0.276236355304718,0.45889121294021606,0.19997608418367346,4.546725086929621,0.04356009140610695,4.962779768531339,0.7629743303571429,1.0,0.5150525781034306,0.5020136207702163,0.7957636117935181,0.16955135650700914,0.9519196457483505,0.2100498571315828,1.0038442847851644e-07,3.243177892025365e-06,0.9372,0.04005899234693878,0.5308314732142857,0.04842952806122449,0.0686782525510204,0.00011957908163265306,0.000817123724489796,0.001136001275510204,0.034478635204081634,0.2362683354591837,0.08978396045918367,1.0
10820,0.28302744030952454,0.5379521250724792,0.19993622448979592,4.331824551796432,0.059001218527555466,5.034366344105431,0.6049904336734694,1.0,0.4133222973775473,0.5658756744331984,0.7529061436653137,0.05573495685648596,0.732055236061964,0.21467481617076556,0.0007794451657210288,0.00011705232953458915,1.2757,0.009506536989795918,0.5354751275510204,0.0012555803571428572,0.0,0.0,0.0,0.0003985969387755102,0.03107063137755102,0.3547512755102041,0.09119897959183673,0.0
10823,0.1630599945783615,0.47775232791900635,0.19987643494897958,4.672105958520776,0.040404871106147766,5.0497637878747685,0.31849888392857145,1.0,0.5768759033639443,0.5503912577800488,0.767356276512146,0.10636818932118952,0.7383879109793583,0.4622384562064179,0.04468500104235996,0.00618444682777543,1.209,0.033282844387755105,0.23913823341836735,0.011200573979591837,0.0,0.0,0.0,0.00045838647959183676,0.05781648596938776,0.6090361926020408,0.0760921556122449,0.0
10840,0.23812353610992432,0.5136902928352356,0.1997967155612245,4.604605410859839,0.035686884075403214,5.267982090417478,0.42745535714285715,1.0,0.5189125685984917,0.7058351997029421,0.8284192085266113,0.03783540148473326,0.19460845505495322,0.2997729582357999,0.008883821331696636,0.00425721439393316,1.4375,0.0012555803571428572,0.056142378826530615,0.15385841836734693,0.19931839923469388,0.0,0.0,0.0,0.06383529974489796,0.49254623724489793,0.04966517857142857,1.0
10897,0.14571048319339752,0.6195501089096069,0.19965720663265307,4.496652437889833,0.04582621902227402,5.106964207224982,0.2562978316326531,0.9454545454545454,0.604511852373613,0.5299210539162698,0.8268088102340698,0.05328120353532185,0.909428362690811,0.39976461737076396,0.07054006319264619,0.005704091234348957,1.5505,0.08001833545918367,0.14132254464285715,0.0005381058673469387,0.0,1.992984693877551e-05,0.010423309948979591,0.008191167091836735,0.18506855867346939,0.5468152104591837,0.03754783163265306,0.0
11310,0.12751218676567078,0.3898947238922119,0.19911910076530612,3.4900629968899093,0.051052533090114594,5.053453865506056,0.29446348852040816,1.0046728971962617,0.5867337415492477,0.543088631414415,0.9123014807701111,0.15555688365545237,0.8944736538626042,0.2933576649905281,0.009655095837078263,0.005518484455953331,1.2838,0.001295440051020408,0.1906688456632653,0.009626116071428572,0.001136001275510204,0.0,0.010144292091836735,0.0,0.00972576530612245,0.6974449936224489,0.09534438775510204,0.0
11312,0.2818177342414856,0.35078364610671997,0.19987643494897958,4.352307786167107,0.03598472476005554,5.2803317267857715,0.8200135522959183,1.0,0.4820519359783594,0.4811906050296801,0.809196949005127,0.04262417548279772,1.1303199734547646,0.1925375669477471,4.234012944828823e-05,5.380674334078219e-06,1.1272,0.00027901785714285713,0.3488719706632653,0.10522959183673469,0.00027901785714285713,0.0005181760204081633,0.12262834821428571,0.00023915816326530612,0.0061782525510204085,0.16741071428571427,0.32529496173469385,0.0
11315,0.3142109215259552,0.5423274636268616,0.19999601403061223,4.54936939253335,0.03906372934579849,5.124634387126672,0.6921635841836735,1.0,0.4534701392807294,0.4931424867556125,0.7938703298568726,0.15443303262589086,1.0715776905483203,0.22385424817268512,0.00010250141061000166,0.00022259494675021913,0.66,0.0021125637755102043,0.507194674744898,0.19465481505102042,1.992984693877551e-05,0.0,0.0,0.0,0.07571348852040816,0.2151825573979592,0.0107421875,0.0
11316,0.26695775985717773,0.4609970450401306,0.19889987244897958,3.7535823711135015,0.039222002029418945,5.204576867479798,0.6118263711734694,1.0,0.4985023832592961,0.5039325129563386,0.8866305947303772,0.03143703999258891,1.0909276649767108,0.2922360912810509,0.0004835482134964682,0.00015238683632044878,1.0092,0.14439174107142858,0.396305006377551,0.08801020408163265,0.010443239795918368,0.0,3.985969387755102e-05,1.992984693877551e-05,0.0020926339285714285,0.35542889030612246,0.0036073022959183672,1.0
11324,0.36170363426208496,0.4487772583961487,0.19997608418367346,4.199288702142258,0.03926801308989525,5.222257322948963,0.8405412946428571,1.0,0.491299278842959,0.5074819046201365,0.8445043563842773,0.04597270769136258,0.9617191501746082,0.20569476690447286,4.692311438115607e-05,5.546661677939681e-06,0.8223,0.07431839923469388,0.09751674107142858,0.043466996173469385,0.5998485331632653,1.992984693877551e-05,0.001753826530612245,0.0024513711734693877,0.029097576530612245,0.11975845025510204,0.04432397959183673,1.0
11325,0.12985984981060028,0.3794413208961487,0.19991629464285715,4.226170379302669,0.04092200845479965,5.099532452097591,0.2658840880102041,1.0,0.5041732169921578,0.5333543078200886,0.8391183018684387,0.0229012037172002,0.7895372304226559,0.520402774141608,0.0031313384335996636,0.019672265327751744,1.6585,0.018435108418367346,0.11790497448979592,0.0001992984693877551,0.0,0.0,0.07009327168367346,3.985969387755102e-05,0.01979033801020408,0.6886360012755102,0.09275350765306123,0.0
11327,0.5109637379646301,0.30721375346183777,0.19993622448979592,4.008349270053105,0.05830719321966171,4.9486108184425,0.841438137755102,1.0,0.4815356460819156,0.48318406892786664,0.8199388980865479,0.04547442783470062,1.150789605816093,0.19848569192203097,6.626473931628351e-06,5.712857826700588e-06,1.3095,0.003826530612244898,0.2315250318877551,0.2369658801020408,0.21320950255102042,7.971938775510203e-05,0.0021723533163265306,3.985969387755102e-05,0.019591039540816327,0.11656967474489796,0.3361965880102041,1.0
11328,0.2685157358646393,0.49822142720222473,0.19969706632653061,4.648154028333334,0.03591981530189514,5.369782161595436,0.5866749043367347,1.0,0.5412053498457068,0.4023661689301969,0.7336320281028748,0.06615192970568205,1.7989920889558682,0.2594195027913849,0.006266906043212826,0.0033829874462943865,1.1934,0.23547114158163265,0.06987404336734694,0.0012555803571428572,0.0,0.0,9.964923469387755e-05,0.2754504145408163,0.16591597576530612,0.2316047512755102,0.17356903698979592,0.0
11335,0.3538920283317566,0.6257347464561462,0.19991629464285715,4.509636227454008,0.038974277675151825,5.163078679178556,0.7905771683673469,1.0,0.4885362409342837,0.4829084766793082,0.8292853236198425,0.09512434730764756,1.1294824977193167,0.21129651587903658,3.489830906127579e-05,4.147590632025562e-06,1.1168,0.10249920280612244,0.021783322704081634,0.13018176020408162,0.46299027423469385,0.0,0.02369658801020408,0.05042251275510204,0.07232541454081633,0.12374441964285714,0.022600446428571428,1.0
11341,0.1665506213903427,0.45931243896484375,0.19999601403061223,4.362590615950479,0.0460483655333519,5.095768868292213,0.43907445790816324,1.0,0.5222622505222462,0.5447077935229059,0.6764823198318481,0.06692561730672282,0.853369229981217,0.31933095735846084,0.0007916441032991756,0.0004495742268137802,1.6062,0.004404496173469388,0.07908163265306123,0.02068718112244898,0.06690449617346939,0.0005381058673469387,5.978954081632653e-05,0.0005381058673469387,0.27622767857142855,0.2709462691326531,0.3237802933673469,1.0
11345,0.11406968533992767,0.604834794998169,0.19991629464285715,4.373869572004635,0.03822939097881317,5.221933860518643,0.1647999043367347,0.926605504587156,0.5112883116854945,0.4489505620158928,0.8178451061248779,0.021473412300473425,2.1754991186984567,0.43024433995087297,0.05122660998686931,0.0048875777743397995,1.0578,0.003547512755102041,0.14024633290816327,0.0004185267857142857,0.0,0.0,9.964923469387755e-05,9.964923469387755e-05,0.20163026147959184,0.6303411989795918,0.03617267219387755,0.0
11346,0.52601158618927,0.2424396574497223,0.19965720663265307,3.324718375306852,0.05860505253076553,4.78062224063886,0.8925382653061225,1.0,0.48863613606396905,0.5027048617619682,0.9151446223258972,0.038389742902258134,0.9501828955102819,0.19045117438189346,9.822106500661851e-06,1.1479711831084808e-06,1.6203,1.992984693877551e-05,0.20832669005102042,0.5558633609693877,0.04239078443877551,0.0,0.0,0.0,1.992984693877551e-05,0.08001833545918367,0.44748485331632654,1.0
11350,0.12349846959114075,0.6340102553367615,0.19971699617346939,4.601877702784922,0.04157986491918564,5.1457746484579125,0.2751315369897959,1.0092592592592593,0.6195811941796614,0.4850218368271716,0.7098872661590576,0.051116196600151306,0.8818157074223112,0.3096232893234702,0.03038582395221842,0.01839759536510445,1.5429,0.0045639349489795915,0.25900829081632654,0.0028698979591836736,1.992984693877551e-05,0.0,0.0,0.00013950892857142856,0.27596859056122447,0.45047433035714285,0.0421516262755102,0.0
11355,0.5196836590766907,0.5703427195549011,0.19993622448979592,3.888646003801754,0.046525925397872925,5.220372124164259,0.9020846619897959,1.0,0.4991582330631866,0.4977869747600694,0.861746072769165,0.08342074416261153,1.092215955295593,0.18443566201380665,9.319906928947955e-06,4.235852780438858e-06,0.7154,0.0015943877551020409,0.2623764349489796,0.6594786352040817,0.0,0.0,3.985969387755102e-05,0.0,0.01407047193877551,0.05269451530612245,0.016362404336734693,0.0
11362,0.36363083124160767,0.45295026898384094,0.19997608418367346,4.8809404013739,0.04637385159730911,5.005157249272849,0.7010522959183674,1.0,0.5445703654448457,0.49113324820938864,0.6497828960418701,0.013794716230726423,1.024052016454677,0.21598911785384967,0.0009471610123641583,0.00012024713557465181,1.2023,0.0009765625,0.16426179846938777,0.11431760204081633,0.03764748086734694,0.007732780612244898,0.13783482142857142,1.992984693877551e-05,0.1275908801020408,0.17075892857142858,0.3067203443877551,1.0
11364,0.27667558193206787,0.5189996361732483,0.1998565051020408,4.859324256533981,0.03868938237428665,5.137876063563146,0.6071627869897959,1.0,0.5152911633507244,0.437418959785507,0.7144579291343689,0.14562094103393577,1.599180944431148,0.2576690058004392,0.0005657431403456824,0.0010179834142108346,0.6719,0.018993144132653062,0.11505500637755102,0.21510283801020408,0.04934630102040816,0.00759327168367347,0.0478515625,0.009307238520408163,0.13512436224489796,0.23985570790816327,0.21330915178571427,1.0
11365,0.14467021822929382,0.5435501933097839,0.19991629464285715,4.229590740127977,0.04108935222029686,5.0860335215179155,0.278140943877551,1.0,0.4742807953761148,0.34821064794286205,0.8397941589355469,0.03762940940631852,4.063860388729574,0.4175336827384061,0.01757939600510925,0.0037758213709049022,1.4404,0.0013153698979591836,0.14875637755102042,0.09851323341836735,0.0,0.0,0.001175860969387755,3.985969387755102e-05,0.1022201849489796,0.6002471301020408,0.05299346301020408,0.0
11382,0.21571926772594452,0.5445842146873474,0.19997608418367346,4.812101328275984,0.037396520376205444,5.1764432768248785,0.3159080038265306,1.0,0.5878988551740097,0.5763597832166308,0.7423285245895386,0.16651540513862073,0.6653708850548175,0.3812936882724982,0.00016936868165674134,0.004735679691880282,1.2395,0.03204719387755102,0.27443399234693877,0.0027503188775510204,0.0,0.0,0.013552295918367346,0.012834821428571428,0.1718152104591837,0.4533641581632653,0.07272401147959184,0.0
11452,0.2718823552131653,0.4892342984676361,0.19850127551020408,3.709168030189034,0.04389902576804161,5.0385110620735,0.8765545280612245,1.0,0.48645002144171084,0.5140444735545096,0.8733206987380981,0.07189810622187398,0.8934091018443121,0.17986672604600157,5.469579897497383e-05,3.1005437758815605e-05,1.4563,0.09610172193877552,0.7749322385204082,0.014409279336734694,0.0001793686224489796,0.0,0.0,7.971938775510203e-05,0.0067362882653061226,0.10756138392857142,0.0,0.0
11459,0.2496357411146164,0.5198274850845337,0.19999601403061223,4.5703563017019375,0.03535572811961174,5.261355229469757,0.46855070153061223,1.0,0.5367510819744675,0.5540424549805159,0.7994315028190613,0.040988243932932135,0.6703374836735866,0.22603938638462456,0.002756702850261897,0.00026271707979540757,1.0753,0.03164859693877551,0.38081951530612246,0.008231026785714286,0.00412547831632653,0.009665975765306123,0.02694515306122449,0.0010762117346938774,0.09903140943877552,0.41312579719387754,0.0398796237244898,0.0
11469,0.11594817787408829,0.49732333421707153,0.19997608418367346,3.518666423424185,0.046568866819143295,5.109202644914054,0.22678172831632654,0.9712918660287081,0.519114551744875,0.47680902236319994,0.9098506569862366,0.0380658070847022,1.2263744752899965,0.2870826461111986,0.0228867546893482,0.0005162703139545104,1.3423,0.009028220663265306,0.18345424107142858,0.0009367028061224489,0.0,0.0,0.01175860969387755,0.0,0.028121014030612245,0.7451570471938775,0.028479751275510203,0.0
11474,0.3166106343269348,0.3050185739994049,0.19999601403061223,3.804228212346229,0.04665682464838028,4.869680549364524,0.7463528380102041,1.0,0.4972555201232121,0.4539493891064044,0.8940945267677307,0.07386810717461718,1.2611399549864273,0.19138726842075562,0.0005191121158320736,0.00016794661696706357,1.4423,0.00045838647959183676,0.23325892857142858,0.44760443239795916,0.02126514668367347,0.0004185267857142857,0.0023915816326530613,0.00015943877551020407,0.005859375,0.22540656887755103,0.26034359056122447,1.0
11477,0.2605136036872864,0.5846095085144043,0.19999601403061223,3.6895679599962623,0.09823041409254074,4.6744165940731985,0.7601841517857143,1.0,0.48111490756580527,0.504579826988102,0.8851521611213684,0.07235208148299267,1.032017473334796,0.2118410344027133,0.00040882458704245893,0.0001331909964513527,1.1073,0.18303571428571427,0.048828125,0.2748325892857143,0.2154815051020408,0.0,0.0009367028061224489,0.04282924107142857,0.06277901785714286,0.16444116709183673,0.009386957908163265,1.0
11488,0.3748841881752014,0.5957322716712952,0.1999561543367347,4.289601089279534,0.05408361554145813,5.026708998107516,0.9373007015306123,1.0,0.49378109002077675,0.49602276573773635,0.8178311586380005,0.06801979737186338,1.0171563369374146,0.16919996310925836,4.351521928275214e-06,6.255775422595456e-06,1.0534,0.036033163265306124,0.8853037308673469,0.018833705357142856,0.0,0.0,0.0,0.0,0.029436383928571428,0.00665656887755102,0.036212531887755105,0.0
11495,0.16794733703136444,0.5997620224952698,0.19997608418367346,4.37457518118201,0.054443590342998505,4.86002984308449,0.4086814413265306,1.0,0.5140147103396184,0.4775458916322861,0.7136725187301636,0.23253400408458635,1.323362782560021,0.32565329122859776,0.002583810828289078,0.0018623637808816238,1.5482,0.0006377551020408163,0.3045679209183674,0.10596699617346939,0.0021125637755102043,3.985969387755102e-05,0.002849968112244898,0.0008569834183673469,0.31064652423469385,0.2710658482142857,0.0018136160714285715,0.0
11505,0.5899164080619812,0.4399493932723999,0.19999601403061223,4.058045834935164,0.040702223777770996,5.255983329989284,0.9327766262755102,1.0,0.5035351399899722,0.5120788221290862,0.8365838527679443,0.01465161587949387,0.9340082651469424,0.17209811956280216,1.705843585629173e-05,9.101477260876332e-07,1.3562,3.985969387755102e-05,0.5611846301020408,0.39297672193877553,0.0,0.0,0.0,0.0,0.032525510204081634,0.0031887755102040817,0.02116549744897959,0.0
11517,0.4239984154701233,0.40867191553115845,0.19997608418367346,2.8485946452095092,0.1252533197402954,4.528208110329504,0.921257174744898,1.0,0.4910901299211548,0.5041413247252787,0.8766578435897827,0.035678325592787205,0.9251593027685658,0.17898943642865087,9.856474877083996e-06,9.254506788559397e-07,1.5963,0.07876275510204081,0.15134725765306123,0.6499920280612245,0.046018016581632654,0.0,0.0,0.00027901785714285713,0.027283960459183673,0.023278061224489797,0.04322783801020408,1.0
11530,0.5561423301696777,0.4773767292499542,0.19997608418367346,4.795662607868044,0.04469680041074753,4.987237097947438,0.9484215561224489,1.0,0.49541835357370495,0.5007009906782092,0.7346311807632446,0.15179396417736649,0.9994117894268127,0.17032029521410383,8.664538539793853e-07,6.285522755813629e-08,1.5216,0.09805484693877552,0.39522879464285715,0.24589445153061223,0.10827885841836735,0.0,0.0,0.0,0.0254703443877551,0.005879304846938775,0.1825573979591837,1.0
11531,0.34087133407592773,0.6278411746025085,0.19989636479591838,3.627250407235583,0.042657915502786636,5.203878087905119,0.8056242028061225,1.0,0.5592214351173559,0.5136192610675737,0.8970922827720642,0.02603058533601175,0.9056666049248708,0.1841200128167612,0.00019078219760972474,8.385063316614932e-05,1.4684,0.03242586096938776,0.40878109056122447,0.00408561862244898,0.0001992984693877551,9.964923469387755e-05,0.34687898596938777,0.006816007653061225,0.005500637755102041,0.18327487244897958,0.01865433673469388,0.0
11548,0.3908565938472748,0.7876770496368408,0.19953762755102042,3.318450694327819,0.06562065333127975,4.9913479304515,0.9646045918367347,1.0,0.5,0.5,0.8071941137313843,0.03177319786646132,1.0,0.16666322314049586,0.0,0.0,1.3333,0.0009367028061224489,0.3434909119897959,0.6428172831632653,0.0,0.0,0.0,0.0,0.0015744579081632653,0.0004982461734693878,0.016880580357142856,0.0
11550,0.13156810402870178,0.6171236038208008,0.1999561543367347,3.9666629370942337,0.10117579251527786,4.422404450137626,0.12480070153061225,0.8837209302325582,0.3727107630479524,0.4800590937149552,0.8176223635673523,0.006133931839894003,0.7341456844911467,0.631559101068148,0.1664332908970533,0.21160213381090462,0.9661,0.0,0.0007174744897959184,0.01905293367346939,0.0052016900510204085,0.00568000637755102,0.029257015306122448,0.0,0.19007095025510204,0.6739875637755102,0.08906648596938775,0.0
11561,0.28575754165649414,0.4984678626060486,0.19967713647959184,4.032746144538638,0.06153031438589096,4.798114847222378,0.7588089923469388,1.0,0.5171612938787365,0.4920637201428137,0.8788621425628662,0.11320565894180218,1.060838970757062,0.19973627335488575,0.00039364590028164944,0.00018705092855751622,1.1769,0.029595822704081634,0.6740274234693877,0.049924266581632654,0.0,0.0,0.0,0.0,0.012595663265306123,0.2165577168367347,0.04920679209183673,0.0
11566,0.3310934603214264,0.3954090178012848,0.1999561543367347,3.414365148278836,0.06598498672246933,4.943770430628394,0.8534359056122449,1.0,0.4803245387675293,0.5097122241134591,0.871625542640686,0.025399748491546782,0.9395778610000319,0.19575192618550086,4.04867952334975e-05,5.5177546131251164e-06,0.8777,0.0014947385204081632,0.09177694515306123,0.10656489158163265,0.1240234375,0.018973214285714284,0.47714046556122447,0.00015943877551020407,0.033103475765306124,0.12517936862244897,0.06666533801020408,1.0
11567,0.0845261663198471,0.5884112119674683,0.19997608418367346,4.526509626157928,0.043421000242233276,5.0766268558642444,0.10333625637755102,0.7783018867924528,0.48504698358061155,0.45597986603301177,0.8388883471488953,0.04197821654368816,1.2262773478881661,0.3674942335350676,0.01601734946288387,0.04075068779655306,1.358,0.0012356505102040817,0.09566326530612244,0.0007971938775510204,0.0,1.992984693877551e-05,0.004902742346938775,1.992984693877551e-05,0.11690848214285714,0.7646085778061225,0.01985012755102041,0.0
11572,0.3788682222366333,0.6051239371299744,0.19999601403061223,4.6426076611194755,0.03730379417538643,5.16419744279117,0.8802814094387755,1.0,0.48581168112245593,0.521140214912413,0.7940176129341125,0.07230413795904679,0.8990884867708607,0.1783577151371665,0.00016410449379761826,3.649754682650712e-05,0.9911,0.0001992984693877551,0.8568439094387755,0.005520567602040816,0.0,0.0001793686224489796,0.0015146683673469387,0.0,0.05121970663265306,0.07539461096938775,0.023098692602040817,0.0
11588,0.34612563252449036,0.6336727738380432,0.19987643494897958,3.7644051858990073,0.05604857951402664,5.077784073636971,0.8848054846938775,1.0,0.48682485433786504,0.4962165823527915,0.8586804866790771,0.0005208530959537836,0.9823182713179136,0.18507256001915035,4.343361811784073e-05,2.1603362933152203e-05,0.8915,0.006915656887755102,0.2957788584183674,0.4073860012755102,0.17610012755102042,0.0,1.992984693877551e-05,0.00015943877551020407,0.04904735331632653,0.04450334821428571,0.024832589285714284,1.0
11591,0.3364526331424713,0.5648851990699768,0.1997967155612245,4.627081977245221,0.035288501530885696,5.315561873818746,0.7748126594387755,1.0,0.44488833415171297,0.4897035851024232,0.7847297191619873,0.08583986462828812,1.0982836774256581,0.2022072887166591,0.0004274620890379547,2.769340312912109e-05,0.6014,0.00013950892857142856,0.408382493622449,0.2827845982142857,0.056341677295918366,0.0013352997448979591,0.0034279336734693877,1.992984693877551e-05,0.0498046875,0.15417729591836735,0.06072624362244898,1.0
11596,0.14812494814395905,0.27398866415023804,0.19993622448979592,4.386672831604716,0.04440639168024063,4.99616951353833,0.5917570153061225,1.0,0.4963390963367403,0.42243913445605075,0.8192991018295288,0.03656183906117883,1.9907332545774417,0.32358287703976807,0.0009984957748188925,3.720789864467989e-05,1.006,0.006118463010204082,0.05879304846938776,0.0204280931122449,0.08067602040816327,0.0049824617346938774,0.002331792091836735,0.0003985969387755102,0.015106823979591837,0.3796436543367347,0.4627710459183674,1.0
11607,0.42461705207824707,0.5698975324630737,0.1999561543367347,4.3059398804776325,0.04829116538167,4.834714255050745,0.8389469068877551,1.0,0.4918745076399368,0.5017665040158471,0.8327518701553345,0.004065462454016775,1.0704834972365895,0.20312465597967594,0.0001046996049691021,8.574970263048213e-06,1.0163,0.0024713010204081634,0.24483816964285715,0.17119738520408162,0.42982700892857145,0.0,0.0,0.0,0.03226642219387755,0.11086973852040816,0.014568718112244899,1.0
11654,0.2209504246711731,0.5178055763244629,0.19999601403061223,4.56398531925297,0.0394563302397728,5.151250845670781,0.40298150510204084,1.0,0.48395718841621094,0.502466811264432,0.7825691103935242,0.03851357654923429,0.9304945596178656,0.3873174669538454,0.004196047591741428,0.000244617516057094,1.6587,0.016900510204081634,0.17950813137755103,0.07314253826530612,0.09622130102040816,0.000817123724489796,0.001833545918367347,0.002570950255102041,0.05668048469387755,0.521484375,0.06246014030612245,1.0
11659,0.34270861744880676,0.45262616872787476,0.1995575573979592,4.104408128204987,0.03998952731490135,5.07115804283167,0.5299744897959183,1.0,0.4758243485346414,0.36444943824772147,0.8336780071258545,0.03862319608095616,2.806470018149556,0.29031260653131735,0.0042026225662166105,0.001973833816050688,1.0787,0.0,0.002570950255102041,0.16198979591836735,0.18510841836734693,0.015525350765306123,0.16557716836734693,0.0010762117346938774,0.04472257653061224,0.3947704081632653,0.03338249362244898,1.0
11673,0.16088952124118805,0.43100810050964355,0.19991629464285715,4.215431362999992,0.03821858391165733,5.212897070856474,0.2954799107142857,1.0,0.42614265691286485,0.4599452301404816,0.8371984958648682,0.06958916002553196,1.4517942594102622,0.6265157466870463,0.0026860995426948495,0.004854586907452051,0.7911,0.05410953443877551,0.14538823341836735,0.004524075255102041,1.992984693877551e-05,0.0002192283163265306,0.08396444515306123,0.002291932397959184,0.030213647959183673,0.6480189732142857,0.046177455357142856,0.0
11674,0.4849098026752472,0.44060060381889343,0.19957748724489796,4.52312355742,0.04389752075076103,4.95659000656686,0.9242267219387755,1.0,0.5132428852490213,0.5039446295579652,0.7898739576339722,0.1779193551077907,0.9592716215394793,0.16889784490011708,1.9892197381841827e-05,1.016876209531949e-05,0.6604,0.011798469387755101,0.7395966198979592,0.10375478316326531,0.003627232142857143,0.0,0.0,0.0,0.0185546875,0.036232461734693876,0.1371173469387755,0.0
11683,0.408212274312973,0.5272640585899353,0.19997608418367346,4.39277329779692,0.041757673025131226,5.2700725352174,0.9077845982142857,1.0,0.4770494535673257,0.4908670276439102,0.7627983689308167,0.03262218646979696,1.0908423216529484,0.17520284951975892,0.00010504278678247991,1.5812664625834935e-05,0.8388,9.964923469387755e-05,0.28732860331632654,0.1250797193877551,0.42996651785714285,0.007832429846938776,0.0,0.0,0.0068359375,0.06407445790816327,0.11106903698979592,1.0
11686,0.6978495121002197,0.4518471956253052,0.19993622448979592,4.410793076735663,0.03816213458776474,5.314126266235611,0.9646045918367347,1.0,0.5,0.5,0.8126521110534668,0.042473345953414565,1.0,0.16666322314049586,0.0,0.0,0.9087,0.0045639349489795915,0.28495695153061223,0.5385243941326531,0.07565369897959184,0.0,0.0,0.0,1.992984693877551e-05,3.985969387755102e-05,0.13448660714285715,1.0
11687,0.505408763885498,0.45385199785232544,0.19949776785714285,4.275540193733543,0.04791533201932907,4.8467153177324445,0.964485012755102,1.0,0.49995552204058946,0.49993912079305686,0.8175508975982666,0.003990564654017264,1.0002479953681815,0.1666574243357663,2.2201254143746488e-09,8.439278532750875e-10,1.1569,0.007174744897959184,0.3958067602040816,0.5164022640306123,0.04123485331632653,7.971938775510203e-05,0.00013950892857142856,5.978954081632653e-05,0.00013950892857142856,0.002272002551020408,0.09241470025510204,1.0
11689,0.247832253575325,0.6459132432937622,0.19993622448979592,4.484839190776167,0.03567584231495857,5.269334691438343,0.5849808673469388,1.0,0.49231089591988136,0.6151205347921685,0.8556325435638428,0.07267239145262813,0.4484800699943407,0.23313124940542246,0.002556590538078689,0.0002449961314839852,1.1701,0.08434311224489796,0.42661830357142855,0.0320671237244898,0.0,0.0,0.032126913265306124,0.001953125,0.18682238520408162,0.2330596301020408,0.005440848214285714,0.0
11698,0.5923371911048889,0.4485362768173218,0.19993622448979592,4.621226048916409,0.04079027473926544,5.0930358043759885,0.9156170280612245,1.0,0.4866997440524053,0.49200912907735295,0.8072633743286133,0.014884247391903433,1.0968507519717974,0.17451154832581972,7.475591021836953e-05,1.8469373562016907e-05,0.8227,0.0013950892857142857,0.5981744260204082,0.2219188456632653,0.0,0.0,0.0,0.0,0.04836973852040816,0.01975047831632653,0.1781329719387755,0.0
11702,0.5891265273094177,0.4978610575199127,0.19983657525510204,3.658811427399538,0.04769964888691902,5.218023811453978,0.9636080994897959,1.0,0.49951307960916524,0.4996637930634712,0.878835141658783,0.07157629968878548,1.0020703933532331,0.16665929474378163,1.2154732857430504e-07,4.112134815749068e-08,0.9633,0.005301339285714286,0.4154775191326531,0.5068757971938775,3.985969387755102e-05,0.0,0.0,0.0,0.002810108418367347,0.0047831632653061226,0.16657366071428573,0.0
11719,0.2689262628555298,0.5324307084083557,0.19997608418367346,3.8777833379208024,0.07823207229375839,4.806043074895625,0.4627710459183674,1.0679611650485437,0.5800450361718482,0.5817705858951036,0.8780587315559387,0.007825536517842341,0.5362223034305357,0.23154617604419575,0.00391236153822294,0.005077532664060675,1.12,0.013990752551020409,0.39809869260204084,0.03730867346938776,0.0,0.0,0.0,5.978954081632653e-05,0.01251594387755102,0.5215441645408163,0.0302734375,0.0
11731,0.27074530720710754,0.5120325684547424,0.19997608418367346,4.508197761891283,0.038420919328927994,5.180621945456126,0.6040338010204082,1.0,0.5101189817425996,0.5111144418055349,0.817980945110321,0.043235475765124744,0.9217551214019452,0.21486045961882574,0.0003029973416747146,7.906108942939457e-05,1.4052,0.07728794642857142,0.3553890306122449,0.1369579081632653,0.0004185267857142857,0.0,0.0,0.0052614795918367345,0.042869100765306124,0.35891661352040816,0.0362922512755102,0.0
11732,0.18876442313194275,0.431145578622818,0.19991629464285715,4.19098582322945,0.050389427691698074,4.859047227941042,0.2670400191326531,1.0,0.504645116076864,0.55170504993847,0.8592663407325745,0.014316599410462814,0.5745006000880482,0.394859730024306,0.010756487047074745,0.0063981868014998215,0.7736,0.018016581632653062,0.0655094068877551,0.10981345663265306,0.00025908801020408165,0.00033880739795918367,0.03130978954081633,0.033860809948979595,0.015326052295918368,0.7038225446428571,0.029675542091836735,0.0
11739,0.4968295097351074,0.5621925592422485,0.1998565051020408,4.386118208424132,0.03965308144688606,5.148057175818117,0.8807198660714286,1.0,0.49320524957245826,0.4760692805882496,0.8037915229797363,0.17820415590309086,1.1591342141044807,0.17772051821386076,3.841772762689607e-06,7.459198157824704e-06,0.6381,0.0,0.11045121173469388,0.7674984056122449,0.014548788265306123,0.0,0.0,0.0,0.03298389668367347,0.06983418367346939,0.011778539540816327,1.0
11765,0.4787798821926117,0.5179532170295715,0.19997608418367346,3.8974498440087015,0.07995511591434479,4.888752102236376,0.9266581632653061,1.0,0.4963661467383086,0.493898602396773,0.8870787620544434,0.0836729300743277,1.0053480548028242,0.17341322521877756,3.786433186273234e-06,1.2579040635339432e-06,1.3195,0.017438616071428572,0.2050183354591837,0.6715760522959183,0.04633689413265306,0.0,1.992984693877551e-05,0.0006576849489795918,0.03218670280612245,0.017438616071428572,0.01229671556122449,1.0
11769,0.6508647203445435,0.3625178039073944,0.1998565051020408,3.7754793996070735,0.04348009079694748,5.067353344151146,0.9646045918367347,1.0,0.5,0.5,0.8843021392822266,0.12261913348317989,1.0,0.16666322314049586,0.0,0.0,1.6641,0.0013352997448979591,0.4265983737244898,0.5306720344387755,0.014130261479591837,0.0,0.0,0.0,0.0,0.0008370535714285714,0.06076610331632653,1.0
11771,0.3016276955604553,0.6719098687171936,0.19987643494897958,4.1315286753136276,0.07496331632137299,4.76050726544492,0.6069834183673469,1.0,0.5019344233716272,0.34428480813606277,0.8694127798080444,0.1619084729448643,3.336608203587033,0.19145659725964298,0.0017135479070405782,0.0011299949271198133,1.6667,0.007533482142857143,0.5200693558673469,0.08075573979591837,0.0,0.0,0.0,0.0,0.12699298469387754,0.25039859693877553,0.01783721301020408,0.0
11779,0.41533830761909485,0.7525274157524109,0.19997608418367346,4.025642772585586,0.06907445937395096,4.839644967281995,0.9254025829081632,1.0,0.49364139988965244,0.49509901870277623,0.7924160361289978,0.13082679160887867,0.992918151069861,0.17451004583705396,1.8518626403570183e-05,7.716475102715401e-06,0.4624,0.023975605867346938,0.21332908163265307,0.11192602040816327,0.0055404974489795915,0.002969547193877551,0.5223812181122449,0.012894610969387755,0.028599330357142856,0.045041454081632654,0.04904735331632653,0.0
11780,0.4682188928127289,0.5346666574478149,0.19983657525510204,4.617808964372806,0.04364796727895737,5.069196991329524,0.9021045918367347,1.0,0.4911572090472318,0.4961095207072172,0.7629308104515076,0.1088788066056458,1.036533788843445,0.17325471087991212,1.3663169730528228e-05,1.6157591250378133e-05,1.1696,0.000817123724489796,0.3834701849489796,0.29653619260204084,0.23565051020408162,3.985969387755102e-05,0.0074338329081632655,0.0,0.029735331632653062,0.03926179846938776,0.03184789540816327,1.0
