img_id,cattr_color_red_ratio,cattr_color_yellow_ratio,cattr_color_blue_ratio,cattr_sat_mean,cattr_texture_entropy,cattr_fg_area_ratio,cattr_fg_aspect_ratio,cattr_symmetry_lr,cattr_grad_anisotropy,cattr_hu1,cattr_hu2
180,0.029057716836734693,0.14287707270408162,0.0045639349489795915,0.23979702591896057,4.675535672554382,0.5527144451530612,1.0,0.7637139558792114,0.08367617495907703,0.3117892976565062,0.0010650563506965104
213,0.00914779974489796,0.009526466836734694,0.1240234375,0.22151291370391846,4.922233910032896,0.544304049744898,1.0,0.7624925374984741,0.06621420241122454,0.22332104007418146,0.00029085897634993304
325,0.00643734056122449,0.28806600765306123,0.0002192283163265306,0.3939509987831116,4.449314552224678,0.619140625,1.0,0.7853924036026001,0.03539171901672657,0.30172997721308714,0.0002043345957266826
412,0.0,0.05291374362244898,0.00763313137755102,0.09707993268966675,4.65265708535793,0.16206951530612246,1.0476190476190477,0.7938201427459717,0.05167639387262139,0.7107672172189828,0.014552713422592553
503,0.023497289540816327,0.009785554846938776,0.1923828125,0.2515209913253784,4.800178437595671,0.578483737244898,0.8727272727272727,0.6149169206619263,0.02381574701523679,0.19249347510776815,0.000927824637810237
562,0.006118463010204082,0.08830915178571429,0.31845902423469385,0.44672584533691406,4.491764755659805,0.9526267538265306,1.0,0.7636983394622803,0.03458615769522508,0.1684506279517064,2.0057908792968019e-07
646,0.0005978954081632653,0.022261639030612245,0.03693000637755102,0.16566212475299835,4.578746116010105,0.29135443239795916,0.985981308411215,0.7760560512542725,0.06733569627471804,0.35412575071245594,0.05772093650959443
699,0.00015943877551020407,0.0021324936224489796,0.00466358418367347,0.2842790484428406,3.8183376967244884,0.7907963966836735,1.0,0.8477892875671387,0.0011541959498087462,0.22261996015248287,0.000382413984538809
702,0.11533402423469388,0.05528539540816327,0.0768295599489796,0.2536064684391022,4.327702619596483,0.5496253188775511,1.0,0.8157081604003906,0.0310851784859546,0.29606035309975753,0.0019096018491605504
742,0.05624202806122449,0.026167889030612245,0.2536073022959184,0.3926089107990265,4.232358164197342,0.920539700255102,1.0,0.8563153743743896,0.2029574870425865,0.17166534433877978,2.177406898039726e-05
773,0.0074338329081632655,0.38928970025510207,0.13406808035714285,0.5170933604240417,4.234494788963858,0.9303651147959183,1.0,0.8732608556747437,0.014148891405730637,0.17461271577461512,8.875632822574085e-07
775,5.978954081632653e-05,0.05096061862244898,0.3550302933673469,0.2817472517490387,4.472238230372552,0.4799107142857143,1.0564102564102564,0.7794555425643921,0.012896701172462197,0.20152510063720255,0.005515663133193684
791,0.0003587372448979592,0.030911192602040817,0.13584183673469388,0.24833698570728302,4.120629632053539,0.7305086096938775,1.0,0.8616963624954224,0.16261735191369678,0.23417365285364827,0.000278097315690085
839,0.02879862882653061,0.04081632653061224,0.059091996173469385,0.5200498104095459,4.072991307816713,0.953742825255102,1.0,0.8527410626411438,0.013272749567826746,0.168875646373617,2.2623667741778112e-07
853,0.04544005102040816,0.07489636479591837,0.057318239795918366,0.42712414264678955,3.921084886459662,0.8692602040816326,1.0,0.8819949626922607,0.03754117952685866,0.18714642171348772,2.966609460260194e-06
892,0.009107940051020409,0.057138871173469385,0.26624282525510207,0.21345524489879608,3.6759068106683914,0.6280691964285714,1.0,0.880582869052887,0.07008375538897599,0.24483443142428246,0.00023279737213088977
894,0.0005580357142857143,0.21456473214285715,0.0023716517857142855,0.3581202030181885,4.092633468912487,0.7958585778061225,1.0,0.8499407768249512,0.0741254427803384,0.18317193837919254,0.0005050470691780275
916,0.3341039540816326,0.05996890943877551,1.992984693877551e-05,0.300950288772583,2.98170545878353,0.6012635522959183,1.0,0.9367667436599731,0.11338764247968135,0.2132578711832873,0.0001747031581474592
927,0.03115035076530612,0.15581154336734693,0.0,0.19853273034095764,3.342425237295751,0.2993861607142857,1.0,0.8797346949577332,0.13881293718160792,0.27467420308866924,0.0033648869488824736
935,0.19762436224489796,0.044025031887755105,0.00705516581632653,0.4864962100982666,4.038567664702871,0.7897201849489796,1.0,0.8443658351898193,0.011353191629394107,0.2040033213444367,0.0002625138675575418
937,0.38438695790816324,0.002889827806122449,5.978954081632653e-05,0.267903596162796,4.482534092569398,0.44435586734693877,1.0,0.7924257516860962,0.08720111365908931,0.183278852893545,0.0026113251950835178
947,0.2842394770408163,0.0,0.0,0.36314553022384644,4.489985708512755,0.6708585778061225,1.0,0.7852867841720581,0.02838716581724862,0.23772471034655573,0.0006344749652554296
998,0.002152423469387755,0.028439891581632654,0.003926179846938775,0.13613462448120117,4.2278340136474775,0.10817920918367346,1.0,0.832073450088501,0.11438350058248702,1.9587964550602106,0.6689990750096956
999,0.0007573341836734694,0.0038863201530612247,0.15425701530612246,0.30447447299957275,3.844208476912983,0.6818797831632653,1.0,0.8691140413284302,0.1255851805785798,0.2280778782877291,0.0002670587981671805
1014,0.00015943877551020407,0.03555484693877551,0.009526466836734694,0.2917834520339966,3.6921092506339117,0.6455078125,1.0476190476190477,0.9057503938674927,0.07756185003904435,0.2831665183363007,0.000632059823762367
1047,0.001096141581632653,0.5069953762755102,0.0003985969387755102,0.36866775155067444,4.4748418238540495,0.7397161989795918,1.0,0.8522765636444092,0.06885998858611823,0.2525959517081867,3.471893250510527e-05
1062,0.2124920280612245,0.0036073022959183672,0.3514030612244898,0.3413774073123932,4.064082584356795,0.6582629145408163,1.0,0.8387492299079895,0.018847737281880137,0.1937875987723388,0.00029665706286749894
1083,0.0,0.24314413265306123,0.0,0.8289952874183655,3.666813498063301,0.9620137117346939,1.0,0.8821234703063965,0.027065316293435376,0.16677614504008745,5.670729352261788e-07
1146,0.0036073022959183672,0.4438376913265306,0.026486766581632654,0.5468925833702087,3.7587507381775014,0.8430325255102041,1.0,0.8576216697692871,0.06109170867105797,0.18893171559608143,4.759896293978541e-05
1148,0.007912149234693877,0.3540736607142857,0.0005181760204081633,0.38002678751945496,4.481492687293691,0.7933075573979592,1.0,0.8122810125350952,0.09287547231261169,0.21057389039920055,8.25154450254446e-05
1152,0.021205357142857144,0.028380102040816327,0.3608498086734694,0.3976384699344635,4.607262357919554,0.7618981186224489,1.0,0.7753887176513672,0.08939539136553269,0.20231814509048826,0.00039412132122671774
1165,0.007752710459183673,0.1610530931122449,0.2575733418367347,0.2563112676143646,4.229747318365798,0.5450414540816326,1.0,0.8054016828536987,0.03911598299764527,0.25127127371500213,0.0013587077895296617
1166,0.0034080038265306123,0.02955596301020408,0.0,0.4473682641983032,4.139916221898506,0.5982342155612245,1.0,0.7095667719841003,0.0035962893282198965,0.23271361009822855,0.0020347036343772136
1171,3.985969387755102e-05,0.019232302295918366,0.029017857142857144,0.13090002536773682,4.617492574880419,0.2224968112244898,1.0891089108910892,0.7901105880737305,0.2218804273932112,0.44888841383344996,0.04993776136045061
1174,0.08759167729591837,0.021205357142857144,0.1298030931122449,0.2621031403541565,4.609055321614655,0.5721261160714286,1.0,0.793875515460968,0.09330590042946733,0.27273458322601885,0.0002983447955538736
1405,0.028121014030612245,0.005002391581632653,0.04498166454081633,0.20894837379455566,4.342453659951079,0.6817402742346939,1.0,0.824599027633667,0.022304881774056682,0.21334756818493683,0.0037313130914660257
1419,0.05365114795918367,0.08161272321428571,0.05727838010204082,0.22189994156360626,4.4872615911416,0.38321109693877553,1.0,0.776603102684021,0.011624595652099804,0.36372571093744765,0.0009519856299866963
1422,0.016980229591836735,0.06259964923469388,0.1035953443877551,0.20942652225494385,4.725683684390253,0.43722098214285715,1.0,0.7449670433998108,0.005517717971059089,0.267242874962598,0.0034657748564298732
1426,0.003866390306122449,0.277523118622449,0.0,0.2947262227535248,4.516544262628442,0.9204998405612245,1.0,0.7474685311317444,0.04465455366826089,0.17344884794722976,7.0643954921880005e-06
1444,0.0016741071428571428,0.014807876275510204,0.03186782525510204,0.14676246047019958,4.494944351736246,0.4226921237244898,1.0,0.7726035714149475,0.07636320662788619,0.28926930930097694,0.0027970364237822486
1454,0.003567442602040816,0.13538345025510204,0.0002192283163265306,0.35505273938179016,4.479477163609854,0.8056441326530612,1.0,0.7839282751083374,0.04403186732016989,0.19498516279787187,0.0004691253936994363
1506,0.0,0.0,0.07672991071428571,0.17051205039024353,3.4335147679058013,0.281429368622449,1.0,0.7881813645362854,0.04891641476558258,0.5056510993251272,0.058483227745220745
1521,0.000817123724489796,0.5747767857142857,0.018395248724489797,0.39959225058555603,4.047725284574402,0.9624521683673469,1.0,0.7888428568840027,0.13773977860134431,0.16686298432593016,2.9713356560380074e-07
1582,0.006796077806122449,0.4444953762755102,0.00253109056122449,0.30903297662734985,4.826492519154913,0.8267099808673469,1.0,0.7333681583404541,0.06790708735306963,0.20021076760622342,0.00024595418309948826
1621,0.026805644132653062,0.002311862244897959,0.013592155612244899,0.1633034497499466,4.684681747738237,0.4483617665816326,1.0,0.758395254611969,0.07010287611283256,0.2517258613824316,0.0019057909062010132
1624,0.0,0.0,0.14237882653061223,0.21956190466880798,2.77160140493085,0.3365951849489796,0.9863636363636363,0.710349440574646,0.01880435968879962,0.2476139105569175,0.0034853790322707085
1627,1.992984693877551e-05,0.10168207908163265,0.00936702806122449,0.2900797128677368,4.307440054276713,0.6646205357142857,1.0,0.820389986038208,0.053284132138051284,0.2406038174810562,0.0003804632678756164
1659,0.0,0.0,0.6948341836734694,0.3568544089794159,3.9010544098192765,0.6934191645408163,1.0,0.896553635597229,0.08998356861324137,0.2724801627475527,0.0010556890266267753
1685,0.0038863201530612247,3.985969387755102e-05,0.019092793367346938,0.0920690968632698,4.130571431827872,0.3427136479591837,1.0,0.7300154566764832,0.0686377354930858,0.271381785629743,0.0012608734853263065
1941,0.05494658801020408,0.15027104591836735,0.005400988520408163,0.37890806794166565,4.668170026763202,0.7881656568877551,1.0,0.7578381299972534,0.046785031124008704,0.19641910464414633,0.0004022327730505801
1960,0.10210060586734694,0.08553890306122448,5.978954081632653e-05,0.24838827550411224,3.8078748152224984,0.4038584183673469,0.9954545454545455,0.8517202138900757,0.07522877586945068,0.27413736040177883,0.015532983198100784
1964,0.2323620854591837,0.17711654974489796,0.0,0.31113672256469727,4.01786123315129,0.7914540816326531,1.0,0.8437998294830322,0.006896406830067428,0.20076882545142283,0.0003603014200154051
1976,0.1551139987244898,0.0,0.0,0.11044855415821075,4.151076353718979,0.16306600765306123,0.7718446601941747,0.837867021560669,0.009067282693227874,0.2748485985787028,0.019950698194128702
1979,0.09183673469387756,3.985969387755102e-05,0.009626116071428572,0.10602280497550964,4.169865705487473,0.16874601403061223,0.8545454545454545,0.8337075710296631,0.05408495725784432,0.7089909834360538,0.052508857109293414
2131,0.00023915816326530612,0.7470304528061225,0.0,0.5359164476394653,4.373952697319633,0.9646045918367347,1.0,0.8179459571838379,0.042164628982347706,0.16666322314049586,0.0
2357,0.22879464285714285,0.003946109693877551,0.15431680484693877,0.4055456817150116,4.1829799631055185,0.6357820471938775,1.0,0.854943037033081,0.007597305187652317,0.21219688919313678,0.0008963943578722308
2594,0.015465561224489796,0.0002192283163265306,0.025729432397959183,0.2490730732679367,3.82612303232306,0.5639947385204082,1.0138248847926268,0.8378587365150452,0.1308278474845366,0.2094547027350856,0.001298619517778442
2668,0.00047831632653061223,0.2136280293367347,0.0022122130102040817,0.29227393865585327,4.133914116435567,0.5948860012755102,1.0,0.7954963445663452,0.05839988205675287,0.29118320620134014,0.0021753668649538813
2689,0.0001992984693877551,0.5219029017857143,0.0,0.5175552368164062,4.464468729957622,0.945930325255102,1.0,0.7938022017478943,0.07595842521829449,0.16891463929925568,1.5516215305160693e-06
2718,0.033522002551020405,0.007752710459183673,0.0001793686224489796,0.4658246338367462,3.4971910160738666,0.8976004464285714,1.0,0.857085645198822,0.0683936354991299,0.18504720520887175,1.5731527048953823e-05
2723,0.03846460459183673,0.4809470663265306,0.01943160076530612,0.2471727877855301,3.957750348899863,0.6710977359693877,1.0,0.8637439012527466,0.07270572956811379,0.26466065365519975,0.0005692397514263844
2765,0.030711894132653062,0.023816167091836735,0.0,0.13157139718532562,3.2476318512159743,0.2621572066326531,0.9770642201834863,0.7015321850776672,0.16796592844720468,0.40331267411220567,0.048220242079990136
3022,0.00430484693877551,0.001096141581632653,0.002032844387755102,0.07908570021390915,3.4532106623741425,0.15479512117346939,0.9433962264150944,0.8670027256011963,0.09767611849810338,0.5743008618199652,0.1344301399758584
3080,0.020049426020408163,0.0013552295918367347,0.28431919642857145,0.23356960713863373,4.836700686260593,0.42360889668367346,1.0,0.7389624118804932,0.10246355144882481,0.2725440488445716,0.013570123543347393
3134,0.0,0.8205516581632653,0.0,0.6675930619239807,4.1200714036401225,0.9628109056122449,1.0,0.8545721173286438,0.004800488555722942,0.1667324144233195,3.043923033906691e-07
3135,0.0005181760204081633,0.15296157525510204,0.0,0.44824475049972534,4.740901128446454,0.7178132971938775,1.0,0.7175799608230591,0.01620944358432747,0.21425338937034386,0.001325081631370815
3164,0.00015943877551020407,0.03886320153061224,0.0003985969387755102,0.3112061023712158,4.503106028160421,0.6774154974489796,1.0,0.7637911438941956,0.09519252699023358,0.20486885249188358,0.00021736272821893337
3170,0.04878826530612245,0.12601642219387754,0.00011957908163265306,0.3880052864551544,4.709337846388385,0.7947823660714286,1.0,0.7461969256401062,0.07718146997185879,0.1986181011554829,0.00025341651734636124
3184,0.0047831632653061226,0.13817362882653061,1.992984693877551e-05,0.7002971172332764,4.232378928110272,0.9409279336734694,1.0,0.7996340394020081,0.05717160684208128,0.1732869197106274,9.34337269753818e-07
3187,0.013173628826530613,0.31423389668367346,0.0,0.43925145268440247,4.589093276486361,0.7187300701530612,1.0,0.7904551029205322,0.02997814169961945,0.18845314022840123,0.0030763702342701707
3281,0.018255739795918366,0.051080197704081634,0.00015943877551020407,0.41112133860588074,4.656154038198258,0.7101602359693877,1.0,0.7936972975730896,0.06244745089733144,0.23938656729877772,0.000637428859672321
3284,0.026247608418367346,0.061423788265306124,0.017199457908163265,0.3350377678871155,4.005421916761065,0.7057955994897959,1.0,0.8459979295730591,0.06818291258945265,0.2652884668284845,0.00012451888093158723
3292,0.04545998086734694,0.05781648596938776,0.007912149234693877,0.2787245213985443,4.64707636168985,0.5661471619897959,1.0,0.7935292720794678,0.024707925202848213,0.2973259512632578,0.00023582686339702742
3360,0.01642219387755102,3.985969387755102e-05,0.029017857142857144,0.18317648768424988,4.845926615285336,0.2663424744897959,1.0689655172413792,0.7153628468513489,0.05928143004366341,0.34247890333424746,2.189210026998222e-05
3376,0.001833545918367347,0.0010363520408163266,0.09093989158163265,0.18314124643802643,3.8366687094189187,0.41539779974489793,1.0,0.8171457648277283,0.08666046855951309,0.3212666304919085,0.003525760366769594
3381,0.02423469387755102,0.0015744579081632653,0.05855389030612245,0.14816811680793762,4.182644037543056,0.23644770408163265,1.0,0.8106881380081177,0.18710179388352272,0.4440263855597565,0.02267476909725394
3462,0.006796077806122449,0.0001992984693877551,0.016262755102040817,0.09717973321676254,4.080530013525668,0.0673030931122449,1.4473684210526316,0.8916833996772766,0.1627341735835633,1.1871125532427271,0.6070936439847677
3585,0.021683673469387755,0.00023915816326530612,1.992984693877551e-05,0.09421667456626892,3.844203533208405,0.13881138392857142,1.0346534653465347,0.8893054127693176,0.14445895174994453,0.486080460709026,0.0033136556374480843
3620,0.0,0.00011957908163265306,0.55859375,0.276012122631073,4.786762859544796,0.5940489477040817,1.0,0.7721763849258423,0.25439133647637224,0.235291947274028,0.0005410141947555302
3640,0.0,0.0007573341836734694,0.03354193239795918,0.0800224021077156,4.371700329411615,0.09259406887755102,1.1458333333333333,0.8386052846908569,0.040361245178985025,1.2406971452235556,0.7811801213509062
3702,0.0,0.003009406887755102,5.978954081632653e-05,0.03988431394100189,4.000657371065181,0.02556999362244898,1.1923076923076923,0.8387182950973511,0.1003669817393064,2.7203793073304734,3.7732230858221163
3751,0.015106823979591837,0.002152423469387755,0.09847337372448979,0.14156663417816162,4.3962254714983,0.19941804846938777,1.0,0.78653883934021,0.13687685817251607,0.8899716780867972,0.09989618942954347
4288,0.0034080038265306123,0.0,0.1595184948979592,0.16766482591629028,2.8993523332823807,0.1637236926020408,0.95,0.7992115616798401,0.03651605318288255,0.39019010664056497,0.045150959769494264
4411,0.00013950892857142856,0.042071906887755105,0.0012755102040816326,0.12118380516767502,4.628302065287996,0.22809709821428573,1.0,0.7461841106414795,0.20381858659998153,0.699206687347004,0.012700277621416279
4474,0.0001793686224489796,0.1084781568877551,0.00047831632653061223,0.22797393798828125,3.018758570853407,0.37075494260204084,1.0328638497652582,0.7665481567382812,0.19113508110627075,0.2476140555126221,0.012872447113638427
4602,0.0008569834183673469,0.3839485012755102,0.00874920280612245,0.5370107293128967,4.289718712880995,0.6948142538265306,1.0,0.7813283205032349,0.03644861169016345,0.26098300182718204,0.0005778120892711264
4613,0.0010363520408163266,0.15481505102040816,0.2320830676020408,0.3736664056777954,4.674605271621585,0.7507174744897959,1.0,0.7359774112701416,0.10861404989224727,0.22592725716454903,7.317532828760621e-05
4624,0.017538265306122448,0.017119738520408163,0.02517139668367347,0.1173790693283081,4.2703161207908025,0.42623963647959184,1.0,0.7724699378013611,0.06567428788908543,0.39929781433926903,0.005090054927471416
4635,5.978954081632653e-05,0.017418686224489797,0.002072704081632653,0.15728214383125305,4.309093671733123,0.36192602040816324,0.9409090909090909,0.7371397018432617,0.07535047760616978,0.29337226161294866,0.004831397393580331
4675,0.0007772640306122449,0.07971938775510204,0.0,0.3392304480075836,4.437890984883939,0.7237125318877551,1.0,0.8106644153594971,0.05483586740671006,0.2613571607583337,0.0001624215535804098
4700,0.00027901785714285713,0.18634406887755103,0.04235092474489796,0.24182355403900146,4.590989733184951,0.5346779336734694,1.0,0.7705411911010742,0.06879474423395908,0.311484696475672,0.0006697782686507345
4913,0.011738679846938776,0.0028698979591836736,0.001295440051020408,0.09256217628717422,4.509823499850313,0.1705596301020408,1.1393939393939394,0.8092883825302124,0.08269281743644492,0.4233191314354313,0.018814400295830872
5093,0.0,0.057118941326530615,0.0,0.265951007604599,3.4963890390715626,0.3803810586734694,0.9354838709677419,0.8642239570617676,0.015397111920529534,0.2756532080082295,0.009428735009970358
5116,0.0034478635204081634,0.08057637117346939,3.985969387755102e-05,0.1161298155784607,4.516562446698751,0.11286272321428571,0.821917808219178,0.8631654381752014,0.15568460379259916,0.32411262466513696,0.03440982608157929
5278,0.0034478635204081634,0.0023915816326530613,0.0005381058673469387,0.3396446704864502,4.667210023075987,0.8082948022959183,1.0,0.8013747930526733,0.03117391409461956,0.2091933258416359,0.00018750835861633644
5297,0.013034119897959183,0.032525510204081634,0.0,0.2616423964500427,4.352423634038876,0.7579719387755102,1.0,0.8056838512420654,0.0624978369869448,0.20728233547339975,0.0006315266415242388
5304,0.0007971938775510204,0.00033880739795918367,0.01273517219387755,0.11190468817949295,4.176861547067234,0.22963169642857142,0.9953051643192489,0.7379356622695923,0.04542532525216283,0.43810004965435895,0.03151299261335019
5317,0.0023915816326530613,0.006955516581632653,0.08071588010204081,0.21266226470470428,4.049898383804011,0.5468949298469388,1.0,0.8671141862869263,0.036357608866695264,0.2584834550132833,0.0017528636713252082
5321,5.978954081632653e-05,0.02375637755102041,0.09295280612244898,0.1284397542476654,4.718120134000074,0.3005420918367347,1.0,0.7734118700027466,0.0773498850230995,0.5690752692350312,0.03194016904248766
5399,0.0004185267857142857,0.05104033801020408,1.992984693877551e-05,0.3539019525051117,4.796963242566912,0.7982302295918368,1.0,0.7390809655189514,0.0609604058148651,0.20701984837335874,0.00035094471359602353
5417,0.0,0.43730070153061223,0.005998883928571429,0.3391379117965698,4.104102246268854,0.7299306441326531,1.0,0.8682560324668884,0.058715439873859465,0.2491018018802424,0.0007693958795790369
5422,0.0018933354591836734,0.047951211734693876,0.009765625,0.10024002939462662,4.559375686054629,0.13976801658163265,1.0188679245283019,0.8101179599761963,0.08146262067784521,0.9924078959327394,0.5172156145999808
5441,0.0002192283163265306,0.14439174107142858,0.06800063775510204,0.18158836662769318,4.477560978482478,0.33492107780612246,0.990909090909091,0.7230455875396729,0.08644400819132299,0.36671310431118176,0.03018913541288415
5450,0.0,0.5229791135204082,0.00027901785714285713,0.22271345555782318,4.026078651800937,0.5448222257653061,1.0,0.8523462414741516,0.020392513545356813,0.32449694503658166,0.003817896309068881
5454,1.992984693877551e-05,0.007374043367346939,0.0787826849489796,0.3719068169593811,4.638056502161218,0.5503029336734694,1.0,0.7268743515014648,0.17759849050346319,0.27087885478826845,0.0022095602959115368
5509,0.03342235331632653,0.5278220663265306,7.971938775510203e-05,0.5743168592453003,4.38705693995234,0.9217753507653061,1.0,0.773405134677887,0.05164096269475157,0.17439910621301846,1.0937095565604015e-05
5521,0.0005381058673469387,0.025510204081632654,0.02228156887755102,0.2213425189256668,4.180892791506986,0.3844467474489796,1.0,0.8199456334114075,0.1285828964675271,0.26120136501030367,0.002635293398299751
5526,0.005181760204081632,0.0595703125,0.010841836734693877,0.2884249687194824,4.16816706447424,0.4448341836734694,1.0,0.796751856803894,0.0817442483276215,0.22138749604560704,0.010045699920706926
5553,0.025849011479591837,0.04779177295918367,0.0400390625,0.4900118410587311,3.9299524031075785,0.8758769132653061,1.0,0.8452632427215576,0.004395331281076429,0.17362810459837252,0.00015974194787554444
5570,5.978954081632653e-05,0.18299585459183673,0.0,0.33693361282348633,4.553521094957066,0.7491230867346939,1.0,0.7523465156555176,0.009672953033546391,0.18083773097307348,0.0022523657283243835
5581,0.07427853954081633,0.02955596301020408,0.19535235969387754,0.21544063091278076,2.9165778520610117,0.453304368622449,0.9863636363636363,0.655301034450531,0.10392874215401278,0.22511527997833033,0.007815795090165913
5613,0.00528140943877551,0.2762476084183674,0.010483099489795918,0.5598945617675781,4.347131066322955,0.8704161352040817,1.0,0.8224065899848938,0.0005832784902604298,0.18194556216044316,6.0312264967911925e-05
5648,0.09761639030612244,0.015405771683673469,0.06098533163265306,0.3244554102420807,4.5795173040056305,0.7802734375,1.0,0.8139621019363403,0.10831871986892617,0.20298900261332975,0.0004485558462616945
5745,0.03260522959183673,0.15433673469387754,0.004424426020408163,0.2101343721151352,4.642017345335706,0.4210578762755102,1.0,0.7864958643913269,0.12832081680436744,0.3682331458589053,0.011990983307370192
5748,0.00027901785714285713,0.16212930484693877,0.0,0.4274559020996094,4.684647545416148,0.8193558673469388,1.0,0.7490828037261963,0.11741459331809746,0.20563883408277844,0.00021338863860095658
5750,7.971938775510203e-05,0.2753308354591837,0.0042849170918367345,0.5115678310394287,4.3511360555643535,0.8815768494897959,1.0,0.8021047115325928,0.025866740810424078,0.18351188878398178,7.852820085430277e-05
5751,0.39150191326530615,0.01971061862244898,0.0,0.3128563165664673,4.619080080969732,0.7626554528061225,1.0,0.7915613055229187,0.06775749548548493,0.2223319733815302,0.00033195390816193006
5752,0.02060746173469388,0.1598174426020408,0.0,0.30118653178215027,3.955958394059052,0.8365752551020408,1.0,0.8521255254745483,0.11517385072127154,0.17998963373220467,0.001170104441057483
5757,0.00025908801020408165,0.017558195153061226,0.0,0.5105470418930054,4.144581777313886,0.9646045918367347,1.0,0.8567681908607483,0.193934291135866,0.16666322314049586,0.0
5774,0.018255739795918366,0.16374362244897958,0.00029894770408163266,0.2261142134666443,4.355661563965144,0.5687579719387755,1.0,0.8316704630851746,0.07394226288296948,0.26535475276665577,0.0001224246751379178
5780,0.0034279336734693877,0.08179209183673469,0.0001992984693877551,0.09422871470451355,4.109888034833023,0.18504862882653061,1.03125,0.8654146194458008,0.04124375524818209,0.3350594974843436,0.032479411740094985
5791,0.008091517857142858,0.11704799107142858,0.0007374043367346938,0.16689792275428772,4.35388818947255,0.3242984693877551,0.9727272727272728,0.7988893985748291,0.047972010519012696,0.3112856962891591,0.009932012223620624
5795,0.04563934948979592,0.013213488520408163,0.013532366071428572,0.2944863736629486,4.728074053575357,0.557975924744898,1.0,0.7823543548583984,0.14390534966418903,0.24392890666079314,0.0004973709375387401
5802,0.020527742346938774,0.18369339923469388,0.001295440051020408,0.25700244307518005,4.653192906217505,0.4688695790816326,1.0,0.7702105641365051,0.07890580431402709,0.39448631016106994,0.010550072420247204
5803,0.0026307397959183672,0.09072066326530612,0.0,0.5117479562759399,4.145330050276874,0.9629304846938775,1.0,0.8332569003105164,0.0031369223839669107,0.16694003814161085,4.094528399480897e-08
5804,0.001175860969387755,0.37149234693877553,0.0,0.3103380501270294,4.670139243072018,0.7649075255102041,1.0,0.7936576008796692,0.04367931256925263,0.19774359496886518,0.00013959395391641388
6042,0.001992984693877551,0.002730389030612245,0.4193638392857143,0.24854552745819092,4.2241797684490665,0.736945950255102,1.0,0.7704414129257202,0.13056986348337543,0.19336542011648267,3.5007142067338874e-06
6053,0.0025111607142857145,0.0014349489795918368,0.0,0.19205144047737122,4.057255382015587,0.3454440369897959,0.8538812785388128,0.795550525188446,0.06575917484126818,0.1906581162380835,0.0014765586577699112
6056,0.025689572704081634,0.03443877551020408,0.007174744897959184,0.2266913801431656,4.689231496332304,0.4406887755102041,1.004566210045662,0.7392053604125977,0.06214212892641725,0.22292903234578923,0.0008224243592239132
6081,9.964923469387755e-05,0.012197066326530613,0.002331792091836735,0.05887206643819809,4.22131097107456,0.019092793367346938,1.4785714285714286,0.8210785984992981,0.0696942785825651,3.812991286055593,3.198904475886219
6093,0.0005779655612244898,0.007752710459183673,0.04665577168367347,0.47918054461479187,4.091613461774625,0.9604990433673469,1.0,0.8086151480674744,0.01063375548021235,0.16777520968099563,6.549324487971824e-08
6188,0.08163265306122448,0.01805644132653061,0.07655054209183673,0.2532002031803131,4.843008172252348,0.35371492346938777,1.0,0.6866917014122009,0.11867429085766573,0.4656148902853684,0.0182885317474971
6305,0.001634247448979592,0.01251594387755102,0.04651626275510204,0.41841748356819153,4.4915418747406335,0.8154695471938775,1.0,0.8142092227935791,0.059220142824785556,0.1904724682047439,4.90042680646568e-05
6363,0.00607860331632653,0.011579241071428572,0.012755102040816327,0.10314665734767914,4.254038225277277,0.2181720344387755,0.9856459330143541,0.7656747102737427,0.01097211728627824,0.32392497947808807,0.0027490927954813525
6368,0.03812579719387755,0.04434390943877551,0.08199139030612244,0.2516982853412628,4.6592537542048245,0.4536033163265306,1.0,0.7840928435325623,0.19560282862583891,0.3109819840467052,0.001631788519771801
6373,0.0004384566326530612,0.029715401785714284,0.00015943877551020407,0.27886709570884705,3.926254988680287,0.7815688775510204,1.0,0.7982804179191589,0.05099327274046244,0.21990367716361026,0.000253805111395774
6462,0.008769132653061224,0.0274234693877551,0.04745296556122449,0.15382146835327148,3.0220720378071046,0.11730707908163265,1.0,0.9014096260070801,0.03936426395451621,0.8104605212977514,0.02571738117562714
6494,0.001016422193877551,0.0010363520408163266,0.6392299107142857,0.4195955693721771,3.2280674029425525,0.7144052933673469,1.0,0.8290719389915466,0.20807570150930457,0.24753614851326255,0.00014133188003730588
6522,0.005440848214285714,0.04270966198979592,0.6272520727040817,0.33100569248199463,3.7610408194669285,0.8354591836734694,1.0,0.7991750240325928,0.12024285384718804,0.20010234571111485,2.757490023310017e-05
6541,0.03276466836734694,1.992984693877551e-05,0.5283402423469388,0.32267627120018005,2.9326451362303683,0.9111527423469388,1.0,0.89705491065979,0.0001318549524167067,0.17973852000196922,8.41192333411464e-06
6558,0.019909917091836735,0.007653061224489796,0.0,0.07165491580963135,3.520328731859297,0.09935028698979592,1.07035175879397,0.7729141712188721,0.03072794709328919,0.7877156059606056,0.026374231394957783
6620,0.037029655612244895,0.003308354591836735,0.022042410714285716,0.40887123346328735,4.653813873988058,0.7744339923469388,1.0,0.7529088258743286,0.017250119910510224,0.22768335201982437,0.00021283299165781027
6626,0.02419483418367347,3.985969387755102e-05,0.00023915816326530612,0.16569143533706665,4.702666987620661,0.3075374681122449,1.0,0.7579435110092163,0.13450481977384293,0.4164767878193062,0.0026999341226594305
6631,0.008848852040816327,0.09408880739795919,0.00882892219387755,0.1782585084438324,4.31019142864068,0.4047951211734694,1.0,0.8371712565422058,0.03133603649754465,0.36961614184896163,0.003075152367733225
6634,0.011419802295918368,0.0009367028061224489,0.015106823979591837,0.1589098423719406,4.485738640542303,0.20842633928571427,1.0,0.7677838206291199,0.047358472554353,1.0029455443345086,0.02864641105932534
6654,0.005819515306122449,0.007035235969387755,0.0,0.6091237664222717,3.605154321123089,0.9646045918367347,1.0,0.8566691875457764,0.06601683761158302,0.16666322314049586,0.0
6655,0.21324936224489796,0.0,0.0,0.34178048372268677,4.58697165426488,0.8498883928571429,1.0,0.7686283588409424,0.07197158443652192,0.18513985818797923,1.3921487994342307e-05
6657,0.14726163903061223,0.05624202806122449,0.0006377551020408163,0.22320836782455444,4.498344382381427,0.6320153061224489,1.0,0.8041003942489624,0.12082834932297613,0.29648908699374454,0.0001088370449474895
6664,0.11908083545918367,5.978954081632653e-05,0.004544005102040816,0.16042950749397278,4.117611072826035,0.17908960459183673,1.0,0.8429787755012512,0.04242786320332952,1.1631051518486775,0.10866564721584923
6673,0.0001793686224489796,0.1132015306122449,0.01747847576530612,0.18645091354846954,4.61821859006785,0.3626235650510204,1.0,0.7853875756263733,0.021561680552680745,0.5210638293371578,0.01192102262546362
6744,0.09143813775510204,0.024792729591836735,0.0,0.31083372235298157,4.302528669103074,0.735710299744898,1.0,0.8339085578918457,0.1052830505914853,0.22126572440293624,0.0006475775934322891
6747,0.01598373724489796,0.00759327168367347,0.005381058673469388,0.11470957100391388,4.562828151124308,0.1700015943877551,0.990909090909091,0.7905829548835754,0.008819714969487814,0.6831167076666885,0.011029262616715505
6759,0.004603794642857143,0.060427295918367346,0.007912149234693877,0.31554678082466125,3.9899541437015245,0.6318957270408163,1.0,0.8497896194458008,0.04641565465958399,0.27264191958075856,0.002996161661176182
6778,0.021324936224489797,0.010801977040816327,0.0,0.3848094642162323,4.6179903866563325,0.7352917729591837,1.0,0.7961148619651794,0.10288946739819708,0.24725189670048744,0.0003115520218183761
6787,0.09024234693877552,0.0010562818877551021,0.0009566326530612245,0.1572517305612564,4.684021405584827,0.2883450255102041,0.9818181818181818,0.7520204782485962,0.01534226432952829,0.41534239733948664,0.008729618806064028
6797,0.013871173469387755,0.44471460459183676,0.0004982461734693878,0.48899346590042114,4.682935035897048,0.8768335459183674,1.0,0.7709901332855225,0.009734648349145043,0.18438240428554104,2.863809397118256e-05
6824,0.00980548469387755,0.23214285714285715,0.0,0.34508809447288513,4.762511704037426,0.6736487563775511,1.0,0.7630541324615479,0.02544830074875883,0.24627251778794376,0.000791886977843496
6857,0.012316645408163265,0.025111607142857144,0.003966039540816327,0.15928982198238373,4.333614302146822,0.34921077806122447,0.990909090909091,0.7972363829612732,0.09820209443328945,0.33552275023582573,0.01346098026008138
6873,0.05624202806122449,0.00047831632653061223,0.07818478954081633,0.31507325172424316,4.831578602242477,0.6401666135204082,1.0,0.7285257577896118,0.03765938530729299,0.21521248751489147,0.0003026151090937847
6876,0.021863042091836735,0.010841836734693877,0.007692920918367347,0.31817224621772766,4.557438021105292,0.5557437818877551,1.0,0.787601113319397,0.037223694352970293,0.31405526585432963,0.0006094164233102415
6892,0.01518654336734694,0.32190688775510207,0.0,0.5144532918930054,4.04654089636497,0.9413066007653061,1.0,0.852082371711731,0.08297023810292234,0.16812266817070065,3.514447958775422e-05
6911,0.0016741071428571428,0.21165497448979592,0.0,0.6082732081413269,3.7767007215659563,0.9645049426020408,1.0,0.8811213374137878,0.042487684024416654,0.16667055927156732,7.341763590696143e-10
6919,0.006636639030612245,0.05992904974489796,0.00011957908163265306,0.3684382438659668,4.616102477558336,0.8559869260204082,1.0,0.7748985290527344,0.02757081449037374,0.19320144054953675,4.785758254237002e-05
6968,0.037228954081632654,0.03784677933673469,0.0,0.393167108297348,4.498455256257941,0.8032724808673469,1.0,0.7783147692680359,0.023032011017707375,0.18926701437059384,5.472427840416943e-05
6975,0.08129384566326531,0.13030133928571427,0.0008569834183673469,0.3233444094657898,4.592251186964385,0.7339166135204082,1.0,0.792936384677887,0.028612126559963244,0.23848117846397138,0.00010008562751505128
6976,0.0007573341836734694,0.12013711734693877,1.992984693877551e-05,0.21903115510940552,4.254143574682724,0.5132134885204082,1.0,0.8639077544212341,0.04715085476005556,0.28346275387438563,0.0018708174484207006
6982,0.031369579081632654,0.05881297831632653,0.0,0.19541269540786743,4.592809917025872,0.3639987244897959,1.0185185185185186,0.778034508228302,0.024839583436916286,0.26062525361159156,2.4903597878051614e-05
6990,0.0014349489795918368,0.04844945790816327,1.992984693877551e-05,0.38577306270599365,4.5616965735994075,0.8876554528061225,1.0,0.7890784740447998,0.06137346775896537,0.18427071604243106,1.8191403721600187e-05
6992,0.0064572704081632655,0.014130261479591837,0.014488998724489796,0.32188957929611206,4.15025159909097,0.8088129783163265,1.0,0.7101417183876038,0.05821088444203548,0.18533667215985544,0.00024050625356229074
7013,0.0020129145408163264,9.964923469387755e-05,0.0,0.14550913870334625,4.354230180116143,0.275569993622449,0.9769585253456221,0.7774724364280701,0.06911263837704519,0.3105301999188024,0.03169874952912444
7019,0.028300382653061226,0.0,0.0018136160714285715,0.11556373536586761,4.076318540899597,0.18470982142857142,1.057591623036649,0.8208275437355042,0.01603228725429628,0.31438987946096925,0.016527397478065534
7025,0.005500637755102041,7.971938775510203e-05,0.028698979591836735,0.19840657711029053,4.382494175686333,0.2780811543367347,1.02803738317757,0.7676612734794617,0.06891663071571807,0.2815853770536372,0.00999458582821902
7029,0.029715401785714284,0.04595822704081633,0.00015943877551020407,0.2590894103050232,4.159039439828905,0.6322743941326531,1.0,0.8478506803512573,0.006054203483116398,0.2643347888223834,0.0014847134877022654
7062,0.006357621173469388,0.1735889668367347,0.028300382653061226,0.3939949870109558,4.440041835016231,0.8481943558673469,1.0,0.8184604644775391,0.08250004563141855,0.18091439348176905,0.00028659618411765067
7081,0.003268494897959184,0.15676817602040816,0.0,0.3985421061515808,3.801785511830647,0.9462292729591837,1.0,0.8763944506645203,0.0632363226378916,0.1713021538376727,1.686492605528327e-06
7103,0.05397002551020408,0.0,0.0,0.20727621018886566,4.1740132154543925,0.3220065369897959,0.9454545454545454,0.6557679176330566,0.015357832432057891,0.27089477605813805,0.008540805994593325
7105,0.01038345025510204,0.011937978316326531,0.0,0.14662514626979828,4.5656857368374,0.34329161352040816,1.0185185185185186,0.8415830135345459,0.017288304500886878,0.29939101760518605,0.005053651633559744
7106,0.08998325892857142,0.01731903698979592,0.005400988520408163,0.30090177059173584,4.773468860041433,0.7185706313775511,1.0,0.7082455158233643,0.021659422513409535,0.2039738178744275,0.0004222626164898096
7128,0.06963488520408163,0.13107860331632654,0.001793686224489796,0.2492079883813858,4.061745613924776,0.44822225765306123,1.0,0.8367639183998108,0.011130463211023761,0.3048862417319558,0.002279355205303724
7175,0.034677933673469385,0.11407844387755102,0.0003786670918367347,0.4539888799190521,4.680113733509309,0.9614556760204082,1.0,0.7305580377578735,0.043907809306508123,0.16710857776704174,4.0584290422587223e-07
7189,0.018176020408163265,0.05998883928571429,0.0,0.4046427011489868,3.9917585806369558,0.8667689732142857,1.0,0.8707870244979858,0.019413185248730914,0.19400100076781213,4.1868810191979755e-05
7201,0.010024713010204082,0.5152064732142857,0.0008370535714285714,0.4354933202266693,4.160125104290845,0.8418168048469388,1.0,0.782487690448761,0.039953952856774826,0.20660355827112337,1.3400776620864086e-05
7208,0.02810108418367347,0.5620615433673469,0.0,0.4016939401626587,4.298898984865822,0.8950095663265306,1.0,0.7823227643966675,0.04503370588988291,0.17223635674017893,0.00019951766067171557
7214,0.0004185267857142857,0.21047911352040816,0.0001793686224489796,0.34079670906066895,4.275830747982093,0.9063695790816326,1.0,0.8202487230300903,0.12981142685406932,0.17886095086250886,1.7001018583423824e-05
7226,0.011997767857142858,0.0045041454081632655,0.0,0.44946813583374023,4.649963731374666,0.7780213647959183,1.0,0.7406717538833618,0.10551634499410491,0.20202514397224375,0.00011775266101760138
7233,0.018614477040816327,0.03366151147959184,0.0038066007653061226,0.3928326964378357,4.733291085671893,0.7835020727040817,1.0,0.723872184753418,0.06993588686488744,0.2038402521244257,4.1339583556926324e-05
7248,0.12185108418367346,0.030432876275510203,0.0,0.25644585490226746,3.6765597598181277,0.7439811862244898,1.0,0.8637390732765198,0.015373933624026599,0.23098931745823686,0.0001221565881586379
7274,0.002610809948979592,0.02867904974489796,0.018793845663265307,0.2476135790348053,4.381865177944241,0.6418207908163265,1.0,0.8264378905296326,0.08755820704379631,0.2238004328921791,0.00030594260847892005
7279,0.0032286352040816328,0.05123963647959184,0.05389030612244898,0.24576447904109955,4.020982349309816,0.634765625,0.990909090909091,0.8653264045715332,0.10409637770761593,0.22816838860049568,0.0002357376393255584
7294,0.004524075255102041,0.452327806122449,0.0,0.6780068278312683,4.661708612014227,0.9611367984693877,1.0,0.7533674240112305,0.009024524830645921,0.16697771943758144,9.957588395888188e-08
7295,0.2770846619897959,0.11017219387755102,0.0,0.2880464792251587,3.9980782512399946,0.7329201211734694,1.0,0.8564846515655518,0.02018541662900703,0.1926325535569799,0.00017418512093865654
7309,0.0010363520408163266,0.012436224489795918,0.0,0.16054126620292664,3.5703847991744024,0.33071588010204084,1.004566210045662,0.8324532508850098,0.02408549981950208,0.25822237645502316,0.009339661203537046
7312,0.013930963010204082,0.0568000637755102,5.978954081632653e-05,0.1909727305173874,4.449089492173322,0.41824776785714285,1.0,0.7790874242782593,0.06653235149671764,0.374630101495453,0.0012825881394562836
7317,0.0011957908163265306,0.1474609375,0.00023915816326530612,0.30860430002212524,4.368015561353304,0.6343670280612245,1.0,0.8279494643211365,0.03235649941771343,0.26604616640484646,0.0015443987802661089
7320,0.027483258928571428,0.020926339285714284,0.0001793686224489796,0.34846049547195435,4.438113053454268,0.8459223533163265,1.0,0.8024131059646606,0.04193425644429674,0.19426433330887538,3.647064641126954e-05
7324,0.0,0.5816525829081632,0.0,0.515630304813385,4.216710506596315,0.9513512436224489,1.0,0.8311437368392944,0.04215675043732859,0.16877521542236204,2.1248500870674756e-06
7375,0.07559390943877552,0.06778140943877552,0.0026705994897959183,0.27048298716545105,4.5907328170113715,0.6761200573979592,1.0,0.8173494338989258,0.05336058739781539,0.22296238395151263,5.707711945406431e-07
7417,0.02596859056122449,0.0,0.0,0.46859559416770935,4.000592158285206,0.9601203762755102,1.0,0.8705829381942749,0.06197605414892948,0.16731982313178265,5.978772473909873e-08
7456,0.06349649234693877,0.2716039540816326,0.0,0.29808035492897034,4.599368668303425,0.6434749681122449,1.0138248847926268,0.8165631294250488,0.009348677847045687,0.20025272461550656,0.0026863982518306635
7458,0.026526626275510203,0.4745296556122449,0.0012555803571428572,0.32424649596214294,3.5171252226827505,0.8588568239795918,1.0,0.8561246395111084,0.29108640745615877,0.18695681815140003,4.588620986899059e-06
7486,0.00025908801020408165,0.006696428571428571,0.04723373724489796,0.057505976408720016,4.281475643879851,0.07079081632653061,0.7592592592592593,0.779411792755127,0.06389965805806024,2.176759575811929,2.4853310247333633
7487,0.0036073022959183672,0.028738839285714284,0.05650111607142857,0.14983448386192322,4.358196572383969,0.2549426020408163,0.990909090909091,0.8145339488983154,0.021075007859971878,0.4107005362335189,0.02047649372342524
7505,0.002072704081632653,0.7345543686224489,0.0,0.5387545824050903,4.172525987017088,0.9262595663265306,1.0,0.8238590955734253,0.11949092827621266,0.1753150201702697,2.7615267687481582e-05
7513,0.007752710459183673,0.05317283163265306,0.006218112244897959,0.14676928520202637,4.563213236173821,0.2273796237244898,1.0232558139534884,0.8046424984931946,0.07707591240608529,0.370281003451129,0.016845443445641303
7516,0.01313376913265306,0.02285953443877551,0.0006377551020408163,0.20633864402770996,3.6413552298007357,0.3293606505102041,0.9636363636363636,0.738257646560669,0.15569358559025143,0.2950430577884313,0.004146605380874381
7536,0.0005381058673469387,0.0,0.0,0.44403597712516785,4.244961549971572,0.9243064413265306,1.0,0.8133677244186401,0.05827436957825093,0.17132091563348179,1.903178691095027e-05
7540,0.0003587372448979592,0.05508609693877551,0.0,0.3484114110469818,4.328898374235493,0.6034757653061225,1.0,0.7339970469474792,0.0049095094547643115,0.20814642954700588,0.002987360675111065
7544,0.07140864158163265,0.3731066645408163,0.0001992984693877551,0.20662586390972137,3.800422667046329,0.5416733099489796,1.0,0.8697096109390259,0.0016343055024755668,0.34081497843992725,0.0035883185649188804
7545,0.00936702806122449,0.006138392857142857,0.004763233418367347,0.17007139325141907,4.595950439613738,0.35776068239795916,1.0,0.7803182005882263,0.03810222922610001,0.45042860300623483,0.002616251752192002
7571,0.01323341836734694,0.02184311224489796,1.992984693877551e-05,0.1691851168870926,4.701009079221873,0.3714126275510204,1.0,0.7540633678436279,0.062233357681448886,0.38395173178697645,0.013282114089913912
7575,0.003567442602040816,0.24679129464285715,0.0021324936224489796,0.3549826443195343,4.2100186716681325,0.6356425382653061,1.0,0.8246098160743713,0.03027999271009019,0.2930050195574901,0.0006411232283058476
7585,1.992984693877551e-05,0.3097297512755102,3.985969387755102e-05,0.47882407903671265,4.353376577438076,0.9105947066326531,1.0,0.7033991813659668,0.1076626546412233,0.18401609277886788,3.0773725946064636e-06
7596,0.010184151785714286,0.00045838647959183676,5.978954081632653e-05,0.16449040174484253,4.130737171453804,0.255062181122449,1.0,0.8361968398094177,0.07832653083680957,0.48424847825640316,0.029633769220921476
7597,0.024533641581632654,0.00033880739795918367,0.0,0.13568943738937378,4.528832193642183,0.2556202168367347,1.0,0.751926839351654,0.010741761900841452,0.3148253374605209,0.025878315040152693
7603,0.06788105867346939,0.01411033163265306,0.05279416454081633,0.2709365487098694,4.049153638684191,0.5948860012755102,1.0,0.8635162115097046,0.06957999494373106,0.27540747648845787,0.00011372192470980258
7605,0.0194515306122449,0.0016741071428571428,0.00029894770408163266,0.10979478061199188,4.003770847314779,0.17323022959183673,1.0,0.751753032207489,0.03753281917310508,0.46681559404552525,0.03825349022619538
7606,0.0002192283163265306,0.012794961734693877,0.0,0.10285239666700363,4.293785137680423,0.18999123086734693,1.0328638497652582,0.8262262940406799,0.07726226565558766,0.40134561200050645,0.02257124249208041
7681,0.0007772640306122449,0.04587850765306122,0.00013950892857142856,0.17241060733795166,3.012760326372341,0.24742904974489796,0.9858490566037735,0.9075260162353516,0.09781392665878899,0.2570502422866269,0.008308155913962709
7688,0.008290816326530613,0.00922751913265306,0.0,0.23080554604530334,4.477283214300766,0.5530731823979592,1.0679611650485437,0.8488768935203552,0.22460924338619453,0.22238215184342802,0.0038795642462431637
7723,0.0020129145408163264,0.01309390943877551,0.0010762117346938774,0.3372422456741333,3.219797899629304,0.7116350446428571,1.0,0.8861818313598633,0.1445210552675777,0.22205608519199108,0.00031818421103075624
7729,0.01287468112244898,0.0013751594387755102,5.978954081632653e-05,0.12479086965322495,4.403393165679905,0.15678810586734693,0.8909090909090909,0.7760627269744873,0.028542507471841692,0.8920896712572586,0.03229423568718116
7743,0.0008769132653061224,0.4714205994897959,0.007772640306122449,0.34336191415786743,4.287750479634801,0.7535076530612245,1.0,0.7984626293182373,0.09618160885879823,0.20169527516282448,0.000993577657897837
7751,0.16954320790816327,0.007095025510204082,0.06562898596938775,0.23610617220401764,4.089712547616575,0.5774473852040817,1.0,0.8447803854942322,0.09131111576843505,0.29964363706910546,0.0010001898475726196
7770,0.0038863201530612247,0.009068080357142858,0.14764030612244897,0.21441788971424103,4.620112874086291,0.5235770089285714,1.0,0.7647343277931213,0.005508839987698038,0.31060308917657,0.0018344521620267842
7778,0.006497130102040816,0.0004982461734693878,0.030412946428571428,0.16291064023971558,4.257321536338491,0.2517139668367347,1.0046948356807512,0.8306775689125061,0.07289923360645766,0.43607671204205767,0.03598645453852914
7780,0.000896843112244898,0.044642857142857144,0.0,0.6302567720413208,4.433860122512234,0.8500478316326531,1.0,0.6776472926139832,0.002591641952638167,0.17552270108342977,0.0006231101520843071
7788,0.03411989795918367,0.03314333545918367,0.0002192283163265306,0.28689274191856384,3.8322097933750925,0.7576132015306123,1.0,0.8444205522537231,0.0073534250070365,0.19986564141109087,0.00046105871027754845
7792,0.0004384566326530612,0.08920599489795919,0.0,0.2180676907300949,4.762114205580596,0.41310586734693877,1.0,0.8064706921577454,0.018367735531601564,0.28821242296704774,0.0009357982735698773
7831,0.0003587372448979592,1.992984693877551e-05,0.16505899234693877,0.21430255472660065,3.692152078890471,0.2833625637755102,0.9636363636363636,0.8886321783065796,0.017613072968232682,0.25053434070720393,0.028637365515674612
7842,0.0024314413265306123,0.011439732142857142,0.03593351403061224,0.45600393414497375,4.359998894867819,0.9567721619897959,1.0,0.7353153824806213,0.0256560991295163,0.1686109379933225,3.4700108784843217e-09
8139,0.23042889030612246,0.03762755102040816,0.09251434948979592,0.6380832195281982,4.051764757196258,0.8570232780612245,1.0,0.8108839988708496,0.039839222345146995,0.17547177309568263,0.0004960455992642932
8391,0.0059590242346938774,0.0,0.009267378826530613,0.04268035665154457,3.8630368079787414,0.043626434948979595,1.046875,0.8518485426902771,0.044348174466185684,3.8818525723265855,3.3544450565279216
8492,0.0003985969387755102,0.004384566326530612,0.004862882653061225,0.15785956382751465,3.371896651202821,0.10634566326530612,1.0637254901960784,0.904951810836792,0.025707414415066368,0.9086214982083859,0.3801751506709661
8528,0.00027901785714285713,0.010064572704081632,0.1641222895408163,0.2810557186603546,4.231765816389212,0.6249601403061225,1.0,0.7688168883323669,0.099136363790034,0.2760213384041472,0.007375332668095191
8637,0.0015744579081632653,0.03158880739795918,0.00033880739795918367,0.1379276067018509,3.9807121468261912,0.28324298469387754,1.0185185185185186,0.8786056637763977,0.1289801337731179,0.4062034435609444,0.019767735754881104
8652,0.003966039540816327,0.04944595025510204,0.022022480867346938,0.13420775532722473,3.3556956574459518,0.13038105867346939,0.9818181818181818,0.893095850944519,0.13729954189074658,1.112182701282733,0.3696268778158115
8662,0.01624282525510204,0.22785794005102042,0.0008370535714285714,0.3208582103252411,4.254242627225233,0.6297831632653061,1.0,0.8346391916275024,0.05952888311889246,0.2766192630709424,0.004872245892395692
8664,0.020746970663265307,0.06341677295918367,0.0008769132653061224,0.23665398359298706,4.6224549446002285,0.5217036033163265,1.0,0.7973589301109314,0.03884702223440261,0.26972697509554305,0.001557818142199394
8669,0.004145408163265306,0.010522959183673469,1.992984693877551e-05,0.2284228652715683,2.758834053819382,0.5231186224489796,1.0,0.9038047790527344,0.05920466401413309,0.29788439487287377,2.471540750852513e-05
8676,0.014429209183673469,0.01650191326530612,0.0008769132653061224,0.4464479088783264,4.766890763948609,0.8794044961734694,1.0,0.7805699110031128,0.024654370516924883,0.18217402578248376,0.00017163707962988695
8677,0.004683514030612245,0.03489716198979592,0.0,0.3596837818622589,4.692517312867031,0.7682358099489796,1.0,0.7337813377380371,0.04683631195244723,0.2175708314282347,0.0005678426618208932
8696,0.008031728316326531,0.0349968112244898,0.1744060905612245,0.16226257383823395,4.663930974883797,0.2920519770408163,1.0091743119266054,0.7843235731124878,0.012509547423794155,0.4334989596435059,0.050117567719283815
8703,0.00025908801020408165,0.3818957270408163,0.0,0.42223063111305237,3.841646441345822,0.9369021045918368,1.0,0.8777595162391663,0.04735665325242404,0.17177059826189744,5.824172877975399e-06
8831,0.1275310905612245,0.04195232780612245,0.007952008928571428,0.20605960488319397,4.140366254245153,0.5145886479591837,1.0,0.7161655426025391,0.02505139845385661,0.28824575227314936,0.004207963245470349
8834,0.0021324936224489796,0.010423309948979591,0.008091517857142858,0.08310950547456741,4.508569321114015,0.3397241709183674,1.0,0.6944622993469238,0.024010118099732573,0.4200050652991047,0.03937508846749706
8865,0.01975047831632653,0.06196189413265306,0.004165338010204082,0.3128018379211426,4.00160460518117,0.7888632015306123,1.0,0.8584989905357361,0.07787084993992978,0.22168988608286236,1.8113922442000877e-05
8911,0.0,0.43857621173469385,0.0,0.36678704619407654,4.368240346846813,0.743781887755102,1.0,0.8009037971496582,0.16298505239455965,0.19317323425805544,0.0018926421808140126
8928,0.013452646683673469,0.12153220663265306,0.03970025510204082,0.3004174828529358,3.7511266128031657,0.609992825255102,1.0,0.8826043009757996,0.11356790698716931,0.2618883870757651,0.0010549845794168458
8945,0.0007971938775510204,0.12266820790816327,0.00031887755102040814,0.37444815039634705,4.533688435887711,0.7833824936224489,1.0,0.8051872253417969,0.04845410159569664,0.20563944465956197,0.0011530655705505764
8966,0.014170121173469387,0.26486766581632654,0.00665656887755102,0.24604445695877075,4.0283262372899244,0.4885403380102041,1.0,0.8724035024642944,0.07825581018999565,0.3445197743311419,0.0010440370629668913
8971,0.014548788265306123,0.14204001913265307,0.002152423469387755,0.17546291649341583,4.322275635652531,0.4823421556122449,1.0,0.8193031549453735,0.06813071240975918,0.3805612339330067,0.005013537955487518
9019,0.0038863201530612247,0.4945790816326531,1.992984693877551e-05,0.344646692276001,4.119217359280527,0.7772042410714286,1.0,0.8611239790916443,0.0171335617041718,0.22263073314927642,6.880240401996162e-05
9020,0.0006576849489795918,0.8027543048469388,0.0013552295918367347,0.7058454155921936,4.24252782748537,0.8832310267857143,1.0,0.8027174472808838,0.0977680519291171,0.18773082373140682,5.492766715609517e-05
9037,0.00723453443877551,0.05018335459183673,0.15294164540816327,0.3032936155796051,4.68978740547499,0.6358816964285714,1.0,0.7373028993606567,0.12541996881457307,0.2339216470635736,0.0010610450273839454
9053,0.002730389030612245,0.18712133290816327,7.971938775510203e-05,0.3526532053947449,4.336689813533406,0.7802335778061225,1.0,0.8176892399787903,0.08306276803942307,0.20914628580736644,0.0001881460379636069
9067,0.01943160076530612,0.45641342474489793,0.0018933354591836734,0.3046099841594696,4.211892614553305,0.7014309630102041,1.0,0.8393330574035645,0.04484748913607475,0.23707967252003953,0.0007320950371634825
9069,0.0,0.6802654655612245,0.0,0.4657043218612671,3.98298578417749,0.9188257334183674,1.0,0.8599211573600769,0.01776873213782238,0.18036804901624032,5.316136699938003e-07
9072,0.0001992984693877551,0.18508848852040816,3.985969387755102e-05,0.17988251149654388,4.5642034856843345,0.3752989477040816,0.990909090909091,0.675134539604187,0.0933354431532338,0.32554057218716675,0.007797354122405904
9086,5.978954081632653e-05,0.5956433354591837,0.00011957908163265306,0.49195438623428345,4.6136670898967935,0.8520208864795918,1.0,0.7998251914978027,0.1222019425651357,0.18897860976230058,0.0001724566787679736
9124,0.0006178252551020409,0.09279336734693877,0.011698820153061224,0.12431122362613678,3.6570565572812406,0.16563695790816327,0.9681818181818181,0.8806328773498535,0.004971737097689261,0.5913850408013306,0.169185255819392
9133,0.00013950892857142856,0.0680404974489796,0.3864596619897959,0.3917747735977173,4.78784354291946,0.8025550063775511,1.0,0.7334920167922974,0.1996393654230494,0.20220882098533677,0.00013203907934672483
9135,0.0,0.2422472895408163,0.0007374043367346938,0.5029165744781494,4.1059056670131255,0.8506656568877551,1.0,0.7692610025405884,0.025508244030074803,0.18624214371455153,0.00018463980167574305
9153,0.014907525510204082,0.23361766581632654,0.004603794642857143,0.2857244908809662,4.639494907825396,0.5205277423469388,1.0,0.7970607280731201,0.05001059378822267,0.2860797143386026,0.0009647077527528738
9158,0.0015345982142857143,0.11521444515306123,0.004842952806122449,0.46892496943473816,3.936263022811031,0.7172951211734694,1.0,0.8407588005065918,0.11218738307424915,0.22659541249237936,0.0009106274811936635
9160,1.992984693877551e-05,0.22921316964285715,0.013452646683673469,0.17502525448799133,4.556738875546574,0.3042091836734694,1.0,0.7860924005508423,0.07875310876620498,0.36172330610333514,0.0015662286099502342
9174,0.0003587372448979592,0.3001235650510204,0.4879823022959184,0.38463810086250305,3.2703012356449457,0.8804607780612245,1.0,0.8289309144020081,0.12155664465935706,0.1841455460674839,6.143742055537511e-05
9187,0.0005978954081632653,0.2079480229591837,0.02018893494897959,0.22620876133441925,4.271685606000371,0.3466796875,1.0,0.849381148815155,0.151975946572734,0.3088540848988512,0.0010438297703663643
9193,0.0025111607142857145,0.19280133928571427,0.00029894770408163266,0.14244557917118073,4.405868160222435,0.23614875637755103,0.75,0.6984710693359375,0.0743244994399977,0.4212649321292507,0.06543249835163464
9203,0.002730389030612245,0.251155931122449,0.07405931122448979,0.2553277909755707,4.667521802591433,0.5666454081632653,1.0,0.7159645557403564,0.07526844323479003,0.28831282474531383,0.0003548319323570562
9209,0.006098533163265306,0.1741669323979592,0.030951052295918366,0.40348905324935913,4.6951811178192475,0.6717554209183674,1.0,0.7598797082901001,0.0982133391459258,0.2546741744976545,0.0010965807311537723
9216,0.0069355867346938774,0.46285076530612246,0.012914540816326531,0.5178733468055725,4.675942295757095,0.8886918048469388,1.0,0.8088915348052979,0.06048088582797943,0.18343585169807886,0.00011350446100927525
9225,0.0018734056122448979,0.1835339604591837,0.020089285714285716,0.15677045285701752,4.152796149287976,0.23951690051020408,0.9771689497716894,0.8661500215530396,0.0037832445368362637,0.3091670313973022,0.004262612294451634
9226,3.985969387755102e-05,0.16761001275510204,0.11079001913265306,0.5149689316749573,4.367945730642397,0.7932278380102041,1.0,0.8003235459327698,0.16184212972645412,0.2146994042144817,0.00015799938927378788
9232,0.0007772640306122449,0.09809470663265306,0.0005978954081632653,0.19516430795192719,4.140096910358392,0.328304368622449,1.0628019323671498,0.8338460326194763,0.08101772992131823,0.3108937270718319,0.0014565380355162473
9239,0.04065688775510204,0.11987802933673469,0.0,0.39318645000457764,4.655723408787259,0.8992147640306123,1.0,0.7430241107940674,0.001761286692162974,0.1873739567327832,3.260610099836053e-06
9243,0.0008370535714285714,0.07421875,0.010283801020408163,0.32267433404922485,4.182853488965437,0.697265625,1.0,0.8413412570953369,0.0084790811586432,0.2399534077646132,5.899522325551468e-06
9286,0.036411830357142856,0.07230548469387756,0.005002391581632653,0.38539624214172363,3.500846935943496,0.7033442283163265,1.0,0.8848419189453125,0.12359166274467358,0.24742676184028778,0.00014851700227628395
9297,7.971938775510203e-05,0.008948501275510204,0.08284837372448979,0.4300960600376129,4.449576179472082,0.7233737244897959,1.0,0.8025968074798584,0.09231959980483245,0.2412773379416566,0.00011426195181609184
9335,0.0017737563775510204,0.1778140943877551,0.045200892857142856,0.30845949053764343,4.554830819276596,0.6417012117346939,1.0,0.7202692031860352,0.04912102383456688,0.2660619849158078,0.0002054755778449776
9339,3.985969387755102e-05,0.29446348852040816,0.002272002551020408,0.2537497878074646,4.625512472494497,0.4850924744897959,1.0,0.727656364440918,0.12282713385188011,0.28893648967966656,0.005111487911541018
9342,0.00025908801020408165,0.03037308673469388,0.1475406568877551,0.22749102115631104,4.586764145207302,0.43435108418367346,1.0,0.7979105710983276,0.06065340151333046,0.3632878479823921,0.0012681378086462178
9366,0.0062380420918367345,0.00705516581632653,0.16428172831632654,0.17688077688217163,4.458543500723739,0.37699298469387754,1.0,0.8118107914924622,0.06939359084912831,0.30075443492649034,0.016058413413035925
9387,0.0007174744897959184,0.5470742984693877,0.06483179209183673,0.4577122926712036,4.797903066226949,0.7049984056122449,1.0,0.7491728067398071,0.002106408171969554,0.256034897593425,0.0006159963910090255
9401,7.971938775510203e-05,0.39223931760204084,0.07118941326530612,0.25211867690086365,4.110895671097236,0.7547034438775511,1.0,0.8459615111351013,0.03790186725040596,0.238427757930881,0.00017249754735750464
9413,3.985969387755102e-05,0.26120057397959184,0.3118423150510204,0.35891789197921753,4.1904269809785175,0.6850087691326531,1.0,0.8281728029251099,0.061767820798033286,0.21300852310752283,0.0029613679861849565
9416,0.0956234056122449,0.23134566326530612,0.0001793686224489796,0.43651044368743896,4.278050169231855,0.8014389349489796,1.0,0.8260012865066528,0.018257928670674755,0.2141992780146717,0.00011650901736945615
9434,0.0014349489795918368,0.669563137755102,0.0015744579081632653,0.4853471517562866,4.203881589183328,0.8376913265306123,1.0,0.8436843156814575,0.083451526165653,0.21108101925686795,2.793816526334952e-05
9438,0.00045838647959183676,0.3837890625,0.0,0.3441234827041626,4.4560108186328025,0.6854073660714286,1.0,0.789563775062561,0.023574317630911945,0.22799917452052296,0.00031664242292655116
9511,0.00839046556122449,0.31309789540816324,0.05853396045918367,0.45574951171875,4.294018358235759,0.8762755102040817,1.0,0.8200703859329224,0.06789529567569658,0.18470446332771095,2.9430124079125245e-06
9531,0.0009367028061224489,0.054567920918367346,0.041294642857142856,0.29646602272987366,4.521061277026837,0.6518255739795918,1.0,0.764761209487915,0.16434531237816782,0.2633922523082797,0.0002845988462732368
9550,0.1558514030612245,0.12107382015306123,0.0005978954081632653,0.39464622735977173,4.70460143643029,0.8192960778061225,1.0,0.7571671009063721,0.19403477634034583,0.1840453133103288,5.8335106436353854e-05
9558,0.023417570153061226,0.20497847576530612,0.011200573979591837,0.2127866894006729,4.566725785829645,0.37366470025510207,1.0,0.7676758170127869,0.1103020761550271,0.26283023257948707,0.013691062064649566
9589,0.009885204081632654,0.04115513392857143,0.0015146683673469387,0.2724074125289917,4.02960481821993,0.33595742984693877,0.926605504587156,0.8674508929252625,0.03480041145710403,0.22057319407840043,0.00473857792226234
9601,0.014787946428571428,0.04440369897959184,0.22118144132653061,0.23846501111984253,4.160033106754146,0.6402064732142857,1.0,0.8392477035522461,0.012239289673334664,0.2433668721532904,0.0005148432571980444
9619,0.00835060586734694,0.0015943877551020409,0.13283242984693877,0.2932018041610718,4.665129844059462,0.7470304528061225,1.0,0.7359384298324585,0.06969554213770925,0.24227658011392078,0.00017631149136233283
9620,0.0,0.004344706632653061,0.1513073979591837,0.3921903073787689,4.473677051684774,0.7515545280612245,1.0,0.7973134517669678,0.08148567647857909,0.2282467424133927,0.00014078209836553438
9626,0.06736288265306123,0.0007772640306122449,0.17315051020408162,0.21588706970214844,4.078281758720777,0.32946029974489793,1.0,0.8637275099754333,0.02527740982762131,0.3138274321828613,0.008309366229505961
9655,0.0001793686224489796,0.08962452168367346,0.001793686224489796,0.18413881957530975,3.6503420871840406,0.418765943877551,1.0,0.894614577293396,0.04602286523965385,0.29507450663630586,0.01060834206872319
9656,0.002152423469387755,0.057497608418367346,0.07308274872448979,0.39403724670410156,4.150756391977351,0.6559510522959183,1.0,0.8252407312393188,0.00549844245778849,0.26845681454152104,0.0001137852584144168
9657,0.0005181760204081633,0.3190369897959184,0.0,0.5794945359230042,4.34737998172556,0.9217952806122449,1.0,0.8104909062385559,0.11992735759516072,0.17757664712026155,1.0789400765965647e-05
9658,1.992984693877551e-05,0.04332748724489796,0.02060746173469388,0.10802508145570755,4.222272878657179,0.08242984693877552,0.9120370370370371,0.849288821220398,0.0970482607498162,1.2641348142044926,0.09382814724406702
9663,0.10931521045918367,0.14817841198979592,0.00412547831632653,0.27418625354766846,4.086949955770598,0.7053172831632653,1.0,0.8295823335647583,0.014840396677171842,0.26314049898180936,0.0006678656709058584
9667,0.010224011479591837,0.01584422831632653,0.5913384885204082,0.2577562630176544,3.8584244884390553,0.7777224170918368,1.0,0.7162810564041138,0.0534763701679685,0.22999238404278813,6.756955141599142e-05
9679,0.004544005102040816,0.14174107142857142,0.5318478954081632,0.41355156898498535,4.591177075615788,0.8587173150510204,1.0,0.7156955003738403,0.09828920246174208,0.199243474893407,2.8221928090404973e-05
9693,0.01877391581632653,0.09060108418367346,0.0049824617346938774,0.2852030098438263,4.403100527975397,0.6224689094387755,1.0,0.7859997153282166,0.038956888120894755,0.29837301237526975,2.4911104093756803e-05
9696,0.011579241071428572,0.11690848214285714,0.007872289540816327,0.5177716016769409,4.650095956672983,0.7950613839285714,1.0,0.7447919845581055,0.0122849238524611,0.21849498172594845,0.00011825739942885569
9709,0.007254464285714286,0.5369698660714286,0.0,0.4582675099372864,4.635147884941865,0.8061822385204082,1.0,0.7744897603988647,0.05684032610277735,0.20892285948051825,0.0003407113911198359
9731,0.0012755102040816326,0.4702248086734694,0.00027901785714285713,0.41379308700561523,4.550157078924457,0.7337372448979592,1.0,0.7606256604194641,0.025136088002256182,0.2337050203047365,0.0001688570850660754
9733,0.0005779655612244898,0.20137117346938777,0.0,0.19682833552360535,4.700619818282427,0.36015226403061223,1.0,0.6734298467636108,0.11261041153342982,0.36200031973618546,0.003191825348976877
9740,1.992984693877551e-05,0.3400829081632653,0.0022122130102040817,0.37551993131637573,4.589005921985812,0.6382334183673469,1.0,0.8162866830825806,0.05597295812573326,0.29545660996354717,0.00018635975843505313
9751,0.004763233418367347,0.29177295918367346,0.05446827168367347,0.20145021378993988,4.07597701873163,0.41428172831632654,1.0,0.7729852795600891,0.0794563565670171,0.3925980936090523,0.0027514073851604474
9755,0.0004185267857142857,0.2699497767857143,0.047193877551020405,0.30440014600753784,4.181751569603942,0.5866948341836735,1.0,0.8346174359321594,0.014664124411046553,0.31976406923879863,3.706375101613556e-05
9759,0.001096141581632653,0.5559630102040817,0.0006576849489795918,0.35626980662345886,4.320438996823132,0.6228675063775511,1.0,0.8275647759437561,0.04435846489369688,0.2561418890727076,0.00074860824661437
9778,0.0013552295918367347,0.2653858418367347,0.0019331951530612245,0.26077431440353394,3.9079992080947457,0.32399952168367346,1.0138248847926268,0.8715977072715759,0.005222198755297872,0.25061116076783907,0.013265720571725622
9781,0.0,0.5913982780612245,5.978954081632653e-05,0.40943488478660583,3.9995880946802824,0.9049744897959183,1.0,0.8464545011520386,0.017272597167136423,0.17507708830012042,1.6747923152783926e-05
9784,0.0010363520408163266,0.7052574936224489,0.0,0.5140053629875183,4.575692953591458,0.9322983099489796,1.0,0.7572658658027649,0.05085597386443651,0.17195497047680974,8.443185208700757e-07
9785,0.0004982461734693878,0.39132254464285715,0.004623724489795918,0.33457961678504944,4.052608676286508,0.6609933035714286,1.0,0.8530570268630981,0.026960179054154012,0.20127687608861916,0.00031561815868516455
9786,0.008310746173469387,0.2081672512755102,0.0,0.30363646149635315,4.54540598231323,0.4276745854591837,1.042654028436019,0.6766757965087891,0.07203688737721055,0.23313970632236938,0.006173307211550921
9787,0.009048150510204082,0.23873963647959184,0.007932079081632654,0.2411968857049942,4.5777891925455245,0.3719108737244898,0.9818181818181818,0.7751733660697937,0.060758076227055174,0.2747367662860048,0.003534009158312138
9811,0.10174186862244898,0.21894929846938777,0.0029496173469387753,0.2520352005958557,4.605743559181196,0.5046835140306123,1.0,0.7649484872817993,0.10705549626168753,0.30633066462395975,0.0028082523049301356
9815,0.002650669642857143,0.38789461096938777,0.0,0.5196171402931213,4.083626879877279,0.9356664540816326,1.0,0.8619078993797302,0.03497677235707828,0.17286384983599087,6.303554561107087e-06
9823,0.0,0.25843032525510207,0.008151307397959183,0.19786493480205536,3.4582364267106627,0.544563137755102,1.0,0.9035952091217041,0.04244061806372285,0.23434004510542877,0.00819332056206561
9849,0.00643734056122449,0.2041613520408163,0.007672991071428571,0.1852359175682068,4.415038205648664,0.45308514030612246,1.0,0.8107373714447021,0.05614211677707151,0.2944596201142664,0.0026556886663010983
9852,0.001096141581632653,0.22600446428571427,0.10485092474489796,0.4696822166442871,4.284116827805616,0.9395328443877551,1.0,0.8073759078979492,0.003187208558453105,0.17131515271209527,4.694073483596767e-06
9860,0.001913265306122449,0.27650669642857145,0.0014947385204081632,0.2656497061252594,4.079137994810207,0.4955556441326531,1.0,0.7879434823989868,0.025812822464077328,0.28221712345496774,0.001279325867590348
9869,0.00958625637755102,0.1934191645408163,0.00031887755102040814,0.3074290156364441,4.695580587428825,0.6546157525510204,1.0,0.764069676399231,0.047859496826932205,0.22162430926955,4.198453997588563e-05
9871,0.009765625,0.11481584821428571,0.0,0.4899457097053528,3.1438365483157886,0.9036192602040817,1.0,0.8919170498847961,0.042502938727210615,0.17097528769646586,0.00014862433584978817
9873,0.00023915816326530612,0.3934948979591837,0.0007374043367346938,0.3716096580028534,4.5616818282079015,0.8287029655612245,1.0,0.7123846411705017,0.048645215434379746,0.17232517265249975,0.0007168126998754385
9879,0.0004384566326530612,0.8038903061224489,0.0,0.6084825992584229,4.473680824160136,0.9473054846938775,1.0,0.7972220182418823,0.16373525380412945,0.16862676999150197,9.399910150029278e-06
9891,1.992984693877551e-05,0.32692920918367346,0.3133968431122449,0.36351457238197327,4.5718545041815215,0.7365872130102041,1.0,0.7683248519897461,0.09861873787831905,0.2094303372248906,0.0005288248394017265
9900,0.00023915816326530612,0.8515824298469388,0.0,0.6468759775161743,4.547258877568202,0.9294483418367347,1.0,0.7998319864273071,0.01553156140744897,0.1705110310080883,6.52468782297561e-05
9907,0.0205875318877551,0.2209422831632653,0.13347018494897958,0.4423830807209015,4.398790140857877,0.8533960459183674,1.0,0.8377683758735657,0.043599450196127265,0.1866279259015894,3.5587623242567995e-06
9913,0.0,0.31287866709183676,0.0018734056122448979,0.4879610240459442,4.733826022995897,0.7802933673469388,1.0,0.7557127475738525,0.04605136081991432,0.2112828468946831,0.00013532983145983813
9923,0.006915656887755102,0.26889349489795916,1.992984693877551e-05,0.38935381174087524,4.263304170008273,0.6033761160714286,0.9727272727272728,0.8221763372421265,0.04199555117354616,0.2062531891019152,0.004123726831701187
9929,0.06206154336734694,0.13360969387755103,0.05685985331632653,0.4119500517845154,4.434026955821221,0.8530572385204082,1.0,0.8035334348678589,0.09778286825880342,0.1946619075491753,0.00017150793411085144
9945,0.04545998086734694,0.22739955357142858,0.04743303571428571,0.4228099584579468,4.88099689370165,0.7355508609693877,1.0,0.668707013130188,0.016627369070972727,0.19396752250745342,0.001025385423141972
9947,0.0006178252551020409,0.14690290178571427,0.0029894770408163264,0.23959851264953613,3.5762299128336568,0.30478714923469385,0.9908256880733946,0.8794367909431458,0.05505358447975089,0.2766598659718112,0.0034203642839195523
9970,0.0064572704081632655,0.24222735969387754,0.0006377551020408163,0.38166970014572144,4.7064847205868965,0.6806441326530612,1.0,0.7630032896995544,0.007756823584212525,0.23430009603475363,0.0018114279454453817
9981,5.978954081632653e-05,0.20107222576530612,0.01588408801020408,0.4442509114742279,3.8249415846019925,0.8847855548469388,1.0,0.8778372406959534,0.024818034576439205,0.1858917196613259,0.00010963966724690031
9991,0.0006776147959183673,0.34022241709183676,0.00705516581632653,0.410370409488678,4.507359570730364,0.7000956632653061,1.0,0.8022638559341431,0.01212515174121984,0.20766314002862535,0.0005512971900698174
10003,0.0,0.36975845025510207,3.985969387755102e-05,0.4535520374774933,4.410729845058495,0.8057836415816326,1.0,0.829979658126831,0.09230894080533224,0.18971066207255613,0.00032651185739041336
10031,0.00031887755102040814,0.2209422831632653,0.003527582908163265,0.3630680441856384,4.74435603502958,0.6384725765306123,1.0,0.6938380002975464,0.06505292567011481,0.2263367214885751,0.0002922139578050132
10032,0.002152423469387755,0.14626514668367346,0.12854751275510204,0.21617639064788818,4.355038622906798,0.47480867346938777,1.0,0.7659002542495728,0.028569222122390242,0.38018979087518745,0.007302498902536677
10035,0.010622608418367346,0.2132294323979592,0.0,0.36167651414871216,4.722163431837378,0.7182517538265306,1.0,0.7632160186767578,0.005753700539197858,0.2479149160462658,0.0010800776341598722
10071,5.978954081632653e-05,0.17247289540816327,0.0,0.3503116965293884,3.0294031248919855,0.8221659757653061,1.0,0.918319046497345,0.09356060439093392,0.19840006021759982,0.0004014730297416625
10075,0.003667091836734694,0.40684789540816324,0.0,0.5980360507965088,4.0361332058922885,0.9646045918367347,1.0,0.8458660244941711,0.020444178432461838,0.16666322314049586,0.0
10108,0.004524075255102041,0.20978156887755103,0.19646843112244897,0.2923958897590637,4.65571370389473,0.6343072385204082,1.0,0.7861224412918091,0.027089346678768923,0.2173817370206439,0.002355514450283392
10112,0.0015545280612244898,0.15525350765306123,0.0006377551020408163,0.26139509677886963,4.025671884613605,0.5109414859693877,1.0,0.8638231754302979,0.02354316481918016,0.27181031813456447,9.406700600949952e-05
10114,0.002551020408163265,0.15670838647959184,0.00029894770408163266,0.2734464406967163,3.9335878055046836,0.6370376275510204,1.0,0.8487568497657776,0.15466376324597245,0.24508129538847861,0.0008955431966449916
10116,0.0008769132653061224,0.23927774234693877,0.0,0.3582890033721924,4.593429006750901,0.7514150191326531,1.0,0.805931568145752,0.06634342030094245,0.21880502014883585,0.00018969335484132858
10137,0.020746970663265307,0.17265226403061223,0.019969706632653062,0.23837506771087646,4.333860979045943,0.5506616709183674,1.0,0.8370665311813354,0.02317085928301384,0.3322695933867288,0.0006723582344648142
10139,0.004524075255102041,0.44447544642857145,0.0,0.3612753748893738,4.760140022371236,0.6083187181122449,1.0,0.7282801866531372,0.03846086632784239,0.20029526174451234,0.0019129574261960113
10145,0.003049266581632653,0.5107023278061225,0.0002192283163265306,0.398044615983963,4.139198909592577,0.7763871173469388,1.0,0.8500679731369019,0.09800625868970485,0.1954074120520809,0.000898261518679561
10155,0.0004982461734693878,0.17418686224489796,0.08767139668367346,0.42615535855293274,4.670381998670507,0.7425063775510204,1.0,0.6772627830505371,0.08463923203415517,0.19207955538449198,0.001270526529620954
10164,0.22337372448979592,0.2700892857142857,0.004524075255102041,0.23449428379535675,3.6309372727535605,0.680305325255102,1.0,0.8979097604751587,0.041695110569719834,0.22639017689792018,0.0017475717448416181
10169,0.0001793686224489796,0.25623804209183676,0.0019331951530612245,0.25424179434776306,3.7011113739312864,0.42612005739795916,1.0,0.8659887313842773,0.11444583565338692,0.299730798030569,0.020411478580422332
10172,0.06455277423469388,0.5331034757653061,5.978954081632653e-05,0.3947228789329529,4.087392240469562,0.9065688775510204,1.0,0.8176658153533936,0.09915024000580451,0.1704955455714306,6.63688612101904e-05
10174,0.0006377551020408163,0.6311583227040817,0.0,0.46037694811820984,4.062888606459133,0.9110331632653061,1.0,0.8247789740562439,0.026719782850348196,0.17384603166627166,1.4501542903170249e-05
10175,0.009964923469387755,0.2391780931122449,0.0007374043367346938,0.4947271943092346,3.8642053932464604,0.8325494260204082,1.0,0.8606044054031372,0.00193817014409475,0.19105362537989645,0.0002978389769317655
10178,0.08219068877551021,0.11762595663265306,0.0008769132653061224,0.34388262033462524,4.82218833557117,0.8539341517857143,1.0,0.7266764640808105,0.11461105475644424,0.18721410170232305,6.105212812307015e-05
10184,0.02032844387755102,0.15690768494897958,0.19064891581632654,0.3300332725048065,3.8437742834933912,0.6710977359693877,1.0,0.8892897963523865,0.03797087374961751,0.19904201747985684,0.0044636419899107905
10191,0.012914540816326531,0.41830755739795916,0.0,0.32811829447746277,4.216706384137787,0.8202925701530612,1.0,0.8160179853439331,0.033175513891299066,0.17824408297698224,0.00017383810071829023
10193,0.04217155612244898,0.2570950255102041,0.0439453125,0.35128289461135864,4.528130392476093,0.8344626913265306,1.0,0.7743536233901978,0.057179929949263644,0.19416322411399473,1.727707460652046e-05
10195,0.00013950892857142856,0.08649553571428571,0.00023915816326530612,0.26112550497055054,3.743612328482186,0.546516262755102,1.0,0.8626710176467896,0.05091662849968928,0.23270221069457425,0.0013215488650303716
10200,0.006556919642857143,0.056142378826530615,0.0017338966836734694,0.1432981938123703,4.403336278247048,0.21522241709183673,1.0,0.8276886940002441,0.10149322512868056,0.6033891022324542,0.012601407980498688
10202,0.0034478635204081634,0.20780851403061223,0.0013352997448979591,0.2647964656352997,4.435411466048567,0.5439652423469388,1.0,0.8232205510139465,0.09673935583037756,0.25124492098759577,0.0003019402661530635
10207,0.03979990433673469,0.3057437818877551,0.026387117346938774,0.3565635681152344,4.606667888978308,0.7983498086734694,1.0,0.7722060680389404,0.1095398945027626,0.19501181419883973,0.00013792165051801513
10215,0.0009367028061224489,0.05931122448979592,0.0,0.2802083492279053,4.08337198163202,0.5688177614795918,1.0,0.851263165473938,0.07544216712000404,0.28678306321713687,0.005509016337830708
10218,0.0069355867346938774,0.11724728954081633,0.0,0.22713322937488556,4.745714873869023,0.3614078443877551,0.9724770642201835,0.749464750289917,0.049398950297687115,0.3003388557892547,0.0019207407525065304
10219,0.0,0.19836176658163265,0.0,0.39763957262039185,3.7476818910564065,0.8309749681122449,1.0,0.8759838342666626,0.07668815245179997,0.20218982653895717,0.0001487820964410217
10226,0.058274872448979595,0.6799665178571429,0.0003985969387755102,0.388938307762146,3.353065564187387,0.8676458864795918,1.0,0.891055166721344,0.06730021129937777,0.1904595772726319,4.797565989627061e-05
10229,0.06519052933673469,0.13279257015306123,0.005899234693877551,0.43295830488204956,4.631037984198749,0.8797632334183674,1.0,0.7694596648216248,0.06798367562589382,0.175773387934707,0.00014267767265534038
10246,0.006357621173469388,0.05857382015306122,0.14666374362244897,0.2933828830718994,4.31037724798257,0.5500438456632653,1.0,0.8122167587280273,0.05093797267747156,0.2835149233655564,0.002607623887016528
10263,0.0011957908163265306,0.3347018494897959,0.015306122448979591,0.4592268466949463,3.9420299252871516,0.5175183354591837,1.0,0.8436207175254822,0.11191768255434072,0.19804895236728504,0.0032049659438804093
10267,0.00029894770408163266,0.3750597895408163,0.0005381058673469387,0.30128780007362366,4.406285858626786,0.43197943239795916,0.9545454545454546,0.8327022790908813,0.08460596666059814,0.2171451835322279,0.0012711624291669504
10273,0.0027503188775510204,0.7101801658163265,0.0,0.6906906962394714,4.233056780819972,0.9364237882653061,1.0,0.794654905796051,0.05417386714433973,0.17395529241846094,1.3272443306362328e-06
10277,1.992984693877551e-05,0.1532405931122449,0.00047831632653061223,0.1289406567811966,4.346460494001865,0.1669124681122449,0.9406392694063926,0.8057513236999512,0.014979966964579986,0.6980258037531475,0.07834668879100277
10279,0.0,0.7535873724489796,0.0,0.34890446066856384,4.184437401288673,0.8398636798469388,1.0,0.8111867904663086,0.18194850240475746,0.18612940590765892,6.3716878758519725e-06
10283,0.02166374362244898,0.07880261479591837,0.2688536352040816,0.46746015548706055,4.399862008685185,0.8694196428571429,1.0,0.8037799596786499,0.05268884026041691,0.1831188592950801,4.690900340568935e-05
10284,0.0,0.7375637755102041,0.0003985969387755102,0.3152635395526886,3.5634269405243106,0.8497289540816326,1.0,0.887874186038971,0.04552887973382046,0.18265286549189153,0.0004253152629969524
10292,0.0,0.20505819515306123,1.992984693877551e-05,0.5094955563545227,4.6565227383761645,0.8189373405612245,1.0,0.758463978767395,0.06630973297822716,0.19481132673000678,0.00013620924959671337
10293,0.0052016900510204085,0.1351044323979592,0.10283801020408163,0.41258877515792847,4.342588232309674,0.7592673788265306,1.0,0.8063201904296875,0.09109146271624645,0.1853333445386124,0.0008506076983305019
10310,1.992984693877551e-05,0.4338329081632653,0.0,0.8215548396110535,4.556312118277081,0.9639070471938775,1.0,0.6272363662719727,0.00025164112433563823,0.16677730545185931,1.6161365083904717e-08
10313,0.0059590242346938774,0.5056600765306123,0.0,0.46789219975471497,4.457782968474666,0.8395647321428571,1.0,0.7995588779449463,0.06596158528984931,0.17858793249449395,0.00014555859874691086
10318,0.012097417091836735,0.6766183035714286,0.0,0.5263947248458862,4.132708489733635,0.8760762117346939,1.0,0.8497922420501709,0.032297258290150156,0.185224509242557,4.995441991105188e-06
10323,5.978954081632653e-05,0.2818080357142857,0.0,0.5120061635971069,3.967876241333368,0.8363958864795918,1.0,0.8575006723403931,0.08187467405451648,0.1951788797677418,0.0004845308231129284
10343,0.0034877232142857145,0.19144610969387754,0.002232142857142857,0.44615164399147034,4.5379857902355525,0.7254264987244898,1.0,0.665062427520752,0.005273543191986984,0.18097272051172159,0.001286814160712389
10347,5.978954081632653e-05,0.8209103954081632,0.0,0.5311819314956665,4.01586790077944,0.8182198660714286,1.0,0.867417573928833,0.03158493341195447,0.19388421663131217,1.790913834907535e-05
10353,0.08647560586734694,0.1941764987244898,0.0,0.5631762742996216,4.539474336808624,0.873046875,1.0,0.741888165473938,0.058327141386777775,0.16925511513879,0.0010002066548671468
10358,0.0008370535714285714,0.7294323979591837,0.0,0.6527758836746216,4.743428025469578,0.9606186224489796,1.0,0.7527036070823669,0.034346358691276765,0.16755919434879757,1.8815385635039412e-07
10361,0.008091517857142858,0.3834701849489796,1.992984693877551e-05,0.35094544291496277,3.75817698148073,0.6516462053571429,1.0,0.8830631971359253,0.058056128760943355,0.21578502074490147,0.0014794374585803836
10365,0.002291932397959184,0.26524633290816324,0.0,0.2916795015335083,4.40904602814372,0.3798030931122449,1.0,0.7548189759254456,0.14789147216513543,0.26090432878390796,0.019793043239781098
10374,0.005560427295918368,0.5484494579081632,0.00029894770408163266,0.4405244290828705,4.578141639768756,0.7125717474489796,1.0,0.7967755794525146,0.039587855258910176,0.18387385406547999,0.0005023663581844544
10375,0.0003587372448979592,0.42922911352040816,0.0040058992346938774,0.6674935221672058,4.224545332038303,0.8602319834183674,1.0,0.8558900356292725,0.08747740727033344,0.19255477325357345,6.94584048733605e-05
10387,0.00843032525510204,0.3559470663265306,0.0009765625,0.414028137922287,3.968651544228267,0.7520926339285714,1.0,0.8603822588920593,0.030686449243382204,0.2068077663093157,0.00013928817869873354
10392,0.0001992984693877551,0.13068000637755103,0.12470105229591837,0.30938810110092163,2.824614183965339,0.8810985331632653,1.0,0.9014108777046204,0.06950538988887076,0.18769624988430128,3.607429611363104e-05
10394,0.0,0.208984375,0.02588887117346939,0.24246768653392792,3.635630757521155,0.22458944515306123,0.9626168224299065,0.8592263460159302,0.041823326734599986,0.27101223565556193,0.00665829291613596
10415,0.006816007653061225,0.1393096301020408,0.0059590242346938774,0.3683543801307678,4.596644082016932,0.6033561862244898,1.0,0.776337742805481,0.11870025014712741,0.2416125636673583,0.00010922133996721325
10446,5.978954081632653e-05,0.1289660395408163,0.0,0.17994199693202972,4.623555467503499,0.2686742665816326,1.0,0.8078370094299316,0.04289563001039493,0.38301236441087194,0.012541071950705078
10459,0.0030891262755102043,0.14893574617346939,0.050701530612244895,0.3420080542564392,4.190697235499217,0.8710140306122449,1.0,0.8410267233848572,0.03471410261728679,0.18546302919397742,5.343225595896374e-05
10464,0.30570392219387754,0.03298389668367347,0.0,0.392330527305603,4.3457818032294275,0.8708944515306123,1.0,0.8041812181472778,0.030061292012768925,0.18876194061815543,0.00011082035434653548
10494,0.002590880102040816,0.45976163903061223,1.992984693877551e-05,0.4157906472682953,4.0611921625602765,0.7713847257653061,1.0,0.8043384552001953,0.01599669626563938,0.20338329888032827,5.064698268689084e-05
10496,0.012535873724489796,0.05211654974489796,0.27413504464285715,0.3163008689880371,4.532183528337937,0.8271285076530612,1.0,0.8332279920578003,0.12277281349869779,0.1834367423944721,0.00011866991900365704
10498,0.014190051020408163,0.339664381377551,0.0,0.33518117666244507,4.295796143571229,0.7081672512755102,1.0,0.8395556807518005,0.015128484622777483,0.20140330513265914,0.0006189912217595284
10512,0.04536033163265306,0.4649633290816326,0.0,0.5928469896316528,4.673532679031668,0.946906887755102,1.0,0.7135893106460571,0.035051305378529456,0.17070932497098606,1.8123166773500197e-06
10515,0.015106823979591837,0.37814891581632654,0.0004185267857142857,0.4566088318824768,4.762910775206905,0.7595264668367347,1.0,0.7836126089096069,0.016283241752253756,0.2027613072555955,0.00026756130152316617
10519,0.0205875318877551,0.09380978954081633,0.2893016581632653,0.4030441343784332,4.536490694318125,0.8340640943877551,1.0,0.7979419827461243,0.006321200100668445,0.20163922704906673,6.765536971321697e-05
10522,1.992984693877551e-05,0.15140704719387754,0.0003587372448979592,0.7141937613487244,3.947532014215749,0.9316007653061225,1.0,0.8319854736328125,0.07376602135953655,0.1753915310283888,3.0047110935237392e-06
10532,0.0023915816326530613,0.3737244897959184,0.0006776147959183673,0.26970797777175903,3.9751121639156057,0.6283482142857143,1.0,0.8629335761070251,0.04032803467469834,0.23927525837245006,0.0007648926790016214
10536,0.01935188137755102,0.3444674744897959,0.0006576849489795918,0.21657583117485046,4.3103302226040245,0.44375797193877553,1.1224489795918366,0.8304754495620728,0.14827805690794457,0.20293267186054365,0.0004805758704508825
10542,0.15896045918367346,0.25599888392857145,0.0008769132653061224,0.38366034626960754,4.63344488453018,0.7333386479591837,1.0476190476190477,0.8412321209907532,0.0788239470827392,0.1849092262186795,0.0015538979856190307
10553,0.01136001275510204,0.06702407525510204,0.0016143176020408164,0.21281301975250244,3.162259929926568,0.3300183354591837,0.9675925925925926,0.8917418718338013,0.03678973806195387,0.2521116849008568,0.013147459670673892
10559,0.00047831632653061223,0.6273317920918368,0.0,0.6594996452331543,4.434697418413318,0.9311623086734694,1.0,0.804720938205719,0.05192928494300876,0.16785893622085368,1.288904760010011e-05
10561,0.015923947704081634,0.4079440369897959,0.0018734056122448979,0.5817651748657227,4.281221719969091,0.9044563137755102,1.0,0.7758223414421082,0.03010228476407348,0.17804541077081693,1.697866778226759e-05
10579,5.978954081632653e-05,0.30253507653061223,0.00023915816326530612,0.40917718410491943,4.076829320763795,0.8438097895408163,1.0,0.8358975052833557,0.1367470476474937,0.1685818864894632,7.787617190922649e-05
10607,0.005600286989795918,0.005440848214285714,0.0001992984693877551,0.12087053805589676,3.909300143844886,0.1421795280612245,1.0,0.8422794342041016,0.09798728886500803,0.7752519765805077,0.010725317200041532
10623,0.009685905612244899,0.5173389668367347,0.0,0.47256967425346375,3.8234022420174503,0.9096181441326531,1.0,0.8807052373886108,0.057166939146279766,0.1764395933438703,1.329998513018405e-05
10626,0.0019730548469387753,0.26291454081632654,0.0010562818877551021,0.4520846903324127,4.59598505874153,0.7619379783163265,1.0,0.791723370552063,0.025445257738993997,0.19997883972678157,0.0005740416383966049
10628,0.01309390943877551,0.5008769132653061,1.992984693877551e-05,0.4207753837108612,3.6540305686716015,0.9201411033163265,1.0,0.8840087652206421,0.018354752301650547,0.17346958957842726,3.737270152823252e-05
10634,0.030133928571428572,0.2805325255102041,0.0002192283163265306,0.6425095796585083,4.2380057082777105,0.9487404336734694,1.0,0.8150913119316101,0.039842404684599604,0.1701881232207304,3.8890022824476433e-07
10644,0.0036471619897959183,0.19154575892857142,0.0,0.33854690194129944,4.402620623865486,0.857063137755102,1.0,0.8181220889091492,0.04511247918727402,0.18416889202132453,0.00022627413866881357
10657,0.0010762117346938774,0.2733777104591837,0.0,0.4764431416988373,3.2139463493452824,0.9496372767857143,1.0,0.9131766557693481,0.009621712601628005,0.17043710907995419,1.7917115299799122e-06
10659,7.971938775510203e-05,0.22156010841836735,0.0004185267857142857,0.5671149492263794,4.481127437875694,0.9292091836734694,1.0,0.8097900152206421,0.07787766677967443,0.16841223601422778,2.5241698991113964e-05
10672,0.0001992984693877551,0.34729751275510207,0.01975047831632653,0.7507396340370178,4.480608836310939,0.9524473852040817,1.0,0.8035537004470825,0.029159232422704358,0.16710489301248105,1.311326258707354e-05
10680,0.0,0.30763711734693877,0.0,0.7315915822982788,3.322994466110002,0.9603993941326531,1.0,0.9000408053398132,0.1082571400348779,0.16731326708922473,3.7184655077873983e-08
10682,0.0,0.6636639030612245,0.0,0.7153776288032532,4.313783689670453,0.9563735650510204,1.0,0.8269799947738647,0.060289878432887786,0.1677766463313159,7.005616576769423e-07
10696,0.0,0.2285953443877551,0.0,0.34981781244277954,3.784539149406678,0.4313217474489796,1.0091743119266054,0.8440571427345276,0.04146292923417035,0.252223718684738,0.010604226836388049
10697,0.001992984693877551,0.25821109693877553,0.0,0.2675528824329376,3.6743102591089194,0.3068000637755102,1.015,0.8909993767738342,0.011597301727903605,0.20869791228111917,0.006969630671385232
10700,0.00045838647959183676,0.32639110331632654,0.4247249681122449,0.6608208417892456,3.524367111940329,0.9616948341836735,1.0,0.8847620487213135,0.014468121891317345,0.16661221985363978,9.805612209016553e-07
10703,0.03834502551020408,0.24565529336734693,0.0015146683673469387,0.5368250012397766,4.581105912294877,0.8573222257653061,1.0,0.7626290917396545,0.004389411084811562,0.17725807710161562,4.630151780334224e-05
10704,0.0047831632653061226,0.17239317602040816,0.0,0.38404667377471924,4.076184246067145,0.5180365114795918,0.9454545454545454,0.7973116040229797,0.07611507297314198,0.20070083789172444,0.0028024805892120277
10713,0.0,0.3584781568877551,0.0,0.7270195484161377,4.232946153632201,0.9646045918367347,1.0,0.8457624912261963,0.016396862958513232,0.16666322314049586,0.0
10724,0.0011559311224489796,0.1317761479591837,0.0,0.1742943376302719,4.413530292554022,0.4933235012755102,1.0377358490566038,0.7948455810546875,0.09483171133836724,0.2448097812863646,0.0012344593768140962
10725,0.0023915816326530613,0.36583227040816324,0.0,0.49472275376319885,4.780334755546175,0.9201411033163265,1.0,0.7983008623123169,0.014974144586602647,0.17610903779000808,1.5103384421394397e-06
10730,0.022660235969387755,0.028380102040816327,0.2824856505102041,0.23625147342681885,4.67291666527103,0.5993502869897959,1.0,0.7535637617111206,0.0401055497119289,0.26428232132615437,0.0010508585582942793
10751,0.010263871173469387,0.023557079081632654,0.03850446428571429,0.13951902091503143,4.046584936665619,0.21749441964285715,1.0,0.864648699760437,0.008392345335716154,0.9730374908268695,0.04876976420608915
10754,0.001953125,0.026666135204081634,0.6327128507653061,0.28097620606422424,2.938159314967808,0.9488002232142857,1.0,0.8779788613319397,0.034434225851739615,0.16941207008055076,3.624565152584043e-06
10763,0.02784199617346939,0.2905373086734694,0.003128985969387755,0.428538978099823,4.690018700538983,0.642936862244898,1.0,0.7586442232131958,0.2768349752344479,0.23537422954755394,0.00201361202465667
10765,0.0001992984693877551,0.2305285395408163,0.0,0.7433186769485474,3.7495571363315054,0.9646045918367347,1.0,0.8872299194335938,0.0469544985814376,0.16666322314049586,0.0
10766,0.041334502551020405,0.04414461096938776,0.003567442602040816,0.19323989748954773,4.607074653801833,0.3998325892857143,1.0,0.7893621325492859,0.1018955716412354,0.42692805310238824,0.0004416924204726985
10768,0.031529017857142856,0.2605030293367347,0.0,0.2984771430492401,4.786859719250646,0.7200653698979592,1.0,0.784835934638977,0.025631898780672204,0.20233517214456193,1.6135556991640687e-05
10777,3.985969387755102e-05,0.4012874681122449,0.0,0.5551176071166992,3.7148636296328963,0.9646045918367347,1.0,0.907190203666687,0.07468893748734418,0.16666322314049586,0.0
10779,0.0022122130102040817,0.0029894770408163264,0.30763711734693877,0.1680757701396942,3.7493959625505604,0.35489078443877553,1.0,0.885859489440918,0.10322446766025636,0.34977832042688184,0.005985869116985813
10780,0.0003786670918367347,0.08412388392857142,0.0001992984693877551,0.17085500061511993,4.660355778720364,0.39564732142857145,1.0091743119266054,0.7475508451461792,0.07223372072292203,0.3031941287697518,0.001490857339503791
10782,0.0007573341836734694,0.05209661989795918,0.00011957908163265306,0.15734733641147614,4.4075543679972435,0.24499760841836735,1.0138248847926268,0.8465138673782349,0.15290189362925719,0.5762400712753922,0.036898120527962305
10806,0.001913265306122449,0.029994419642857144,0.00011957908163265306,0.20875601470470428,3.935065668861125,0.2763073979591837,1.0,0.8774539232254028,0.07638502429204472,0.3741166323907348,0.002046818012759814
10814,0.012954400510204082,0.0004384566326530612,0.0007772640306122449,0.09223854541778564,3.719541807412127,0.03282445790816327,0.9801980198019802,0.7971740365028381,0.06354219180629644,2.5713905984617935,0.7132843999900582
10816,0.0022520727040816328,0.6758211096938775,1.992984693877551e-05,0.32386431097984314,3.3994676499296177,0.8105070153061225,1.0,0.8997103571891785,0.1811182567815687,0.20415809642319577,2.349241654023244e-05
10819,0.04005899234693878,0.04842952806122449,0.000817123724489796,0.276236355304718,4.546725086929621,0.7629743303571429,1.0,0.7957636117935181,0.16955135650700914,0.2100498571315828,1.0038442847851644e-07
10820,0.009506536989795918,0.0012555803571428572,0.0,0.28302744030952454,4.331824551796432,0.6049904336734694,1.0,0.7529061436653137,0.05573495685648596,0.21467481617076556,0.0007794451657210288
10823,0.033282844387755105,0.011200573979591837,0.0,0.1630599945783615,4.672105958520776,0.31849888392857145,1.0,0.767356276512146,0.10636818932118952,0.4622384562064179,0.04468500104235996
10840,0.0012555803571428572,0.15385841836734693,0.0,0.23812353610992432,4.604605410859839,0.42745535714285715,1.0,0.8284192085266113,0.03783540148473326,0.2997729582357999,0.008883821331696636
10897,0.08001833545918367,0.0005381058673469387,0.010423309948979591,0.14571048319339752,4.496652437889833,0.2562978316326531,0.9454545454545454,0.8268088102340698,0.05328120353532185,0.39976461737076396,0.07054006319264619
11310,0.001295440051020408,0.009626116071428572,0.010144292091836735,0.12751218676567078,3.4900629968899093,0.29446348852040816,1.0046728971962617,0.9123014807701111,0.15555688365545237,0.2933576649905281,0.009655095837078263
11312,0.00027901785714285713,0.10522959183673469,0.12262834821428571,0.2818177342414856,4.352307786167107,0.8200135522959183,1.0,0.809196949005127,0.04262417548279772,0.1925375669477471,4.234012944828823e-05
11315,0.0021125637755102043,0.19465481505102042,0.0,0.3142109215259552,4.54936939253335,0.6921635841836735,1.0,0.7938703298568726,0.15443303262589086,0.22385424817268512,0.00010250141061000166
11316,0.14439174107142858,0.08801020408163265,3.985969387755102e-05,0.26695775985717773,3.7535823711135015,0.6118263711734694,1.0,0.8866305947303772,0.03143703999258891,0.2922360912810509,0.0004835482134964682
11324,0.07431839923469388,0.043466996173469385,0.001753826530612245,0.36170363426208496,4.199288702142258,0.8405412946428571,1.0,0.8445043563842773,0.04597270769136258,0.20569476690447286,4.692311438115607e-05
11325,0.018435108418367346,0.0001992984693877551,0.07009327168367346,0.12985984981060028,4.226170379302669,0.2658840880102041,1.0,0.8391183018684387,0.0229012037172002,0.520402774141608,0.0031313384335996636
11327,0.003826530612244898,0.2369658801020408,0.0021723533163265306,0.5109637379646301,4.008349270053105,0.841438137755102,1.0,0.8199388980865479,0.04547442783470062,0.19848569192203097,6.626473931628351e-06
11328,0.23547114158163265,0.0012555803571428572,9.964923469387755e-05,0.2685157358646393,4.648154028333334,0.5866749043367347,1.0,0.7336320281028748,0.06615192970568205,0.2594195027913849,0.006266906043212826
11335,0.10249920280612244,0.13018176020408162,0.02369658801020408,0.3538920283317566,4.509636227454008,0.7905771683673469,1.0,0.8292853236198425,0.09512434730764756,0.21129651587903658,3.489830906127579e-05
11341,0.004404496173469388,0.02068718112244898,5.978954081632653e-05,0.1665506213903427,4.362590615950479,0.43907445790816324,1.0,0.6764823198318481,0.06692561730672282,0.31933095735846084,0.0007916441032991756
11345,0.003547512755102041,0.0004185267857142857,9.964923469387755e-05,0.11406968533992767,4.373869572004635,0.1647999043367347,0.926605504587156,0.8178451061248779,0.021473412300473425,0.43024433995087297,0.05122660998686931
11346,1.992984693877551e-05,0.5558633609693877,0.0,0.52601158618927,3.324718375306852,0.8925382653061225,1.0,0.9151446223258972,0.038389742902258134,0.19045117438189346,9.822106500661851e-06
11350,0.0045639349489795915,0.0028698979591836736,0.0,0.12349846959114075,4.601877702784922,0.2751315369897959,1.0092592592592593,0.7098872661590576,0.051116196600151306,0.3096232893234702,0.03038582395221842
11355,0.0015943877551020409,0.6594786352040817,3.985969387755102e-05,0.5196836590766907,3.888646003801754,0.9020846619897959,1.0,0.861746072769165,0.08342074416261153,0.18443566201380665,9.319906928947955e-06
11362,0.0009765625,0.11431760204081633,0.13783482142857142,0.36363083124160767,4.8809404013739,0.7010522959183674,1.0,0.6497828960418701,0.013794716230726423,0.21598911785384967,0.0009471610123641583
11364,0.018993144132653062,0.21510283801020408,0.0478515625,0.27667558193206787,4.859324256533981,0.6071627869897959,1.0,0.7144579291343689,0.14562094103393577,0.2576690058004392,0.0005657431403456824
11365,0.0013153698979591836,0.09851323341836735,0.001175860969387755,0.14467021822929382,4.229590740127977,0.278140943877551,1.0,0.8397941589355469,0.03762940940631852,0.4175336827384061,0.01757939600510925
11382,0.03204719387755102,0.0027503188775510204,0.013552295918367346,0.21571926772594452,4.812101328275984,0.3159080038265306,1.0,0.7423285245895386,0.16651540513862073,0.3812936882724982,0.00016936868165674134
11452,0.09610172193877552,0.014409279336734694,0.0,0.2718823552131653,3.709168030189034,0.8765545280612245,1.0,0.8733206987380981,0.07189810622187398,0.17986672604600157,5.469579897497383e-05
11459,0.03164859693877551,0.008231026785714286,0.02694515306122449,0.2496357411146164,4.5703563017019375,0.46855070153061223,1.0,0.7994315028190613,0.040988243932932135,0.22603938638462456,0.002756702850261897
11469,0.009028220663265306,0.0009367028061224489,0.01175860969387755,0.11594817787408829,3.518666423424185,0.22678172831632654,0.9712918660287081,0.9098506569862366,0.0380658070847022,0.2870826461111986,0.0228867546893482
11474,0.00045838647959183676,0.44760443239795916,0.0023915816326530613,0.3166106343269348,3.804228212346229,0.7463528380102041,1.0,0.8940945267677307,0.07386810717461718,0.19138726842075562,0.0005191121158320736
11477,0.18303571428571427,0.2748325892857143,0.0009367028061224489,0.2605136036872864,3.6895679599962623,0.7601841517857143,1.0,0.8851521611213684,0.07235208148299267,0.2118410344027133,0.00040882458704245893
11488,0.036033163265306124,0.018833705357142856,0.0,0.3748841881752014,4.289601089279534,0.9373007015306123,1.0,0.8178311586380005,0.06801979737186338,0.16919996310925836,4.351521928275214e-06
11495,0.0006377551020408163,0.10596699617346939,0.002849968112244898,0.16794733703136444,4.37457518118201,0.4086814413265306,1.0,0.7136725187301636,0.23253400408458635,0.32565329122859776,0.002583810828289078
11505,3.985969387755102e-05,0.39297672193877553,0.0,0.5899164080619812,4.058045834935164,0.9327766262755102,1.0,0.8365838527679443,0.01465161587949387,0.17209811956280216,1.705843585629173e-05
11517,0.07876275510204081,0.6499920280612245,0.0,0.4239984154701233,2.8485946452095092,0.921257174744898,1.0,0.8766578435897827,0.035678325592787205,0.17898943642865087,9.856474877083996e-06
11530,0.09805484693877552,0.24589445153061223,0.0,0.5561423301696777,4.795662607868044,0.9484215561224489,1.0,0.7346311807632446,0.15179396417736649,0.17032029521410383,8.664538539793853e-07
11531,0.03242586096938776,0.00408561862244898,0.34687898596938777,0.34087133407592773,3.627250407235583,0.8056242028061225,1.0,0.8970922827720642,0.02603058533601175,0.1841200128167612,0.00019078219760972474
11548,0.0009367028061224489,0.6428172831632653,0.0,0.3908565938472748,3.318450694327819,0.9646045918367347,1.0,0.8071941137313843,0.03177319786646132,0.16666322314049586,0.0
11550,0.0,0.01905293367346939,0.029257015306122448,0.13156810402870178,3.9666629370942337,0.12480070153061225,0.8837209302325582,0.8176223635673523,0.006133931839894003,0.631559101068148,0.1664332908970533
11561,0.029595822704081634,0.049924266581632654,0.0,0.28575754165649414,4.032746144538638,0.7588089923469388,1.0,0.8788621425628662,0.11320565894180218,0.19973627335488575,0.00039364590028164944
11566,0.0014947385204081632,0.10656489158163265,0.47714046556122447,0.3310934603214264,3.414365148278836,0.8534359056122449,1.0,0.871625542640686,0.025399748491546782,0.19575192618550086,4.04867952334975e-05
11567,0.0012356505102040817,0.0007971938775510204,0.004902742346938775,0.0845261663198471,4.526509626157928,0.10333625637755102,0.7783018867924528,0.8388883471488953,0.04197821654368816,0.3674942335350676,0.01601734946288387
11572,0.0001992984693877551,0.005520567602040816,0.0015146683673469387,0.3788682222366333,4.6426076611194755,0.8802814094387755,1.0,0.7940176129341125,0.07230413795904679,0.1783577151371665,0.00016410449379761826
11588,0.006915656887755102,0.4073860012755102,1.992984693877551e-05,0.34612563252449036,3.7644051858990073,0.8848054846938775,1.0,0.8586804866790771,0.0005208530959537836,0.18507256001915035,4.343361811784073e-05
11591,0.00013950892857142856,0.2827845982142857,0.0034279336734693877,0.3364526331424713,4.627081977245221,0.7748126594387755,1.0,0.7847297191619873,0.08583986462828812,0.2022072887166591,0.0004274620890379547
11596,0.006118463010204082,0.0204280931122449,0.002331792091836735,0.14812494814395905,4.386672831604716,0.5917570153061225,1.0,0.8192991018295288,0.03656183906117883,0.32358287703976807,0.0009984957748188925
11607,0.0024713010204081634,0.17119738520408162,0.0,0.42461705207824707,4.3059398804776325,0.8389469068877551,1.0,0.8327518701553345,0.004065462454016775,0.20312465597967594,0.0001046996049691021
11654,0.016900510204081634,0.07314253826530612,0.001833545918367347,0.2209504246711731,4.56398531925297,0.40298150510204084,1.0,0.7825691103935242,0.03851357654923429,0.3873174669538454,0.004196047591741428
11659,0.0,0.16198979591836735,0.16557716836734693,0.34270861744880676,4.104408128204987,0.5299744897959183,1.0,0.8336780071258545,0.03862319608095616,0.29031260653131735,0.0042026225662166105
11673,0.05410953443877551,0.004524075255102041,0.08396444515306123,0.16088952124118805,4.215431362999992,0.2954799107142857,1.0,0.8371984958648682,0.06958916002553196,0.6265157466870463,0.0026860995426948495
11674,0.011798469387755101,0.10375478316326531,0.0,0.4849098026752472,4.52312355742,0.9242267219387755,1.0,0.7898739576339722,0.1779193551077907,0.16889784490011708,1.9892197381841827e-05
11683,9.964923469387755e-05,0.1250797193877551,0.0,0.408212274312973,4.39277329779692,0.9077845982142857,1.0,0.7627983689308167,0.03262218646979696,0.17520284951975892,0.00010504278678247991
11686,0.0045639349489795915,0.5385243941326531,0.0,0.6978495121002197,4.410793076735663,0.9646045918367347,1.0,0.8126521110534668,0.042473345953414565,0.16666322314049586,0.0
11687,0.007174744897959184,0.5164022640306123,0.00013950892857142856,0.505408763885498,4.275540193733543,0.964485012755102,1.0,0.8175508975982666,0.003990564654017264,0.1666574243357663,2.2201254143746488e-09
11689,0.08434311224489796,0.0320671237244898,0.032126913265306124,0.247832253575325,4.484839190776167,0.5849808673469388,1.0,0.8556325435638428,0.07267239145262813,0.23313124940542246,0.002556590538078689
11698,0.0013950892857142857,0.2219188456632653,0.0,0.5923371911048889,4.621226048916409,0.9156170280612245,1.0,0.8072633743286133,0.014884247391903433,0.17451154832581972,7.475591021836953e-05
11702,0.005301339285714286,0.5068757971938775,0.0,0.5891265273094177,3.658811427399538,0.9636080994897959,1.0,0.878835141658783,0.07157629968878548,0.16665929474378163,1.2154732857430504e-07
11719,0.013990752551020409,0.03730867346938776,0.0,0.2689262628555298,3.8777833379208024,0.4627710459183674,1.0679611650485437,0.8780587315559387,0.007825536517842341,0.23154617604419575,0.00391236153822294
11731,0.07728794642857142,0.1369579081632653,0.0,0.27074530720710754,4.508197761891283,0.6040338010204082,1.0,0.817980945110321,0.043235475765124744,0.21486045961882574,0.0003029973416747146
11732,0.018016581632653062,0.10981345663265306,0.03130978954081633,0.18876442313194275,4.19098582322945,0.2670400191326531,1.0,0.8592663407325745,0.014316599410462814,0.394859730024306,0.010756487047074745
11739,0.0,0.7674984056122449,0.0,0.4968295097351074,4.386118208424132,0.8807198660714286,1.0,0.8037915229797363,0.17820415590309086,0.17772051821386076,3.841772762689607e-06
11765,0.017438616071428572,0.6715760522959183,1.992984693877551e-05,0.4787798821926117,3.8974498440087015,0.9266581632653061,1.0,0.8870787620544434,0.0836729300743277,0.17341322521877756,3.786433186273234e-06
11769,0.0013352997448979591,0.5306720344387755,0.0,0.6508647203445435,3.7754793996070735,0.9646045918367347,1.0,0.8843021392822266,0.12261913348317989,0.16666322314049586,0.0
11771,0.007533482142857143,0.08075573979591837,0.0,0.3016276955604553,4.1315286753136276,0.6069834183673469,1.0,0.8694127798080444,0.1619084729448643,0.19145659725964298,0.0017135479070405782
11779,0.023975605867346938,0.11192602040816327,0.5223812181122449,0.41533830761909485,4.025642772585586,0.9254025829081632,1.0,0.7924160361289978,0.13082679160887867,0.17451004583705396,1.8518626403570183e-05
11780,0.000817123724489796,0.29653619260204084,0.0074338329081632655,0.4682188928127289,4.617808964372806,0.9021045918367347,1.0,0.7629308104515076,0.1088788066056458,0.17325471087991212,1.3663169730528228e-05
